source (gene ID) all genes,L_R_genes
ALOX5AP,1
ARF1,1
CALM1,1
GUCA1A,1
GUCA1B,1
ADCYAP1,1
AGT,1
APELA,1
C5,1
CCL13,1
CCL8,1
CGA,1
CLUL1,1
CSH1,1
CSHL1,1
CXCL17,1
GAST,1
GH2,1
GPR15LG,1
IFNB1,1
IL10,1
IL3,1
IL37,1
MANSC1,1
MSMB,1
NMU,1
NPY,1
PNOC,1
POMC,1
SPAG11B,1
SPX,1
SST,1
TAC1,1
VEGFA,1
VIP,1
WNT3A,1
WNT4,1
WNT5A,1
YARS1,1
CCL18,1
CXCL11,1
CXCL9,1
LEAP2,1
NPPA,1
NPPB,1
NPPC,1
SVEP1,1
ACE2,1
ACKR1,1
ACKR3,1
ACPT,1
ACVR2B,1
ACVRL1,1
ADAM10,1
ADAM15,1
ADAM17,1
ADAM2,1
ADAM20,1
ADAM21,1
ADGRA3,1
ADORA1,1
ADORA2A,1
ADRA1A,1
ADRA1B,1
ADRB2,1
AFDN,1
AGER,1
AGTR1,1
ALCAM,1
ANXA2,1
APC,1
APLP1,1
APP,1
AQPEP,1
ARRB2,1
ATP1B1,1
AXL,1
BICD1,1
BMPR1A,1
BMPR1B,1
BOC,1
BTK,1
BTLA,1
BTN2A1,1
BTN3A1,1
BTN3A2,1
BTN3A3,1
BTNL8,1
BTNL9,1
C10orf54,1
CA12,1
CA2,1
CADM1,1
CADM2,1
CADM3,1
CADM4,1
CARD11,1
CASP8,1
CAV1,1
CCR1,1
CCR2,1
CCR4,1
CD134L,1
CD14,1
CD19,1
CD1B,1
CD2,1
CD22,1
CD244,1
CD274,1
CD28,1
CD300A,1
CD300C,1
CD300LB,1
CD300LF,1
CD320,1
CD33,1
CD34,1
CD3D,1
CD4,1
CD44,1
CD47,1
CD48,1
CD5,1
CD58,1
CD6,1
CD63,1
CD69,1
CD7,1
CD72,1
CD74,1
CD79A,1
CD79B,1
CD80,1
CD81,1
CD9,1
CDC37,1
CDCP1,1
CDH13,1
CDH6,1
CDH9,1
CDHR2,1
CEACAM20,1
CEACAM21,1
CEACAM3,1
CEACAM4,1
CEACAM5,1
CEACAM6,1
CEACAM7,1
CEACAM8,1
CHL1,1
CISH,1
CLDN1,1
CLDN14,1
CLDN16,1
CLDN19,1
CLDN2,1
CLDN4,1
CLMP,1
CLU,1
CNTFR,1
CNTN1,1
CNTN2,1
CNTN5,1
CORIN,1
CPNE3,1
CR2,1
CRKL,1
CRTAM,1
CSF1R,1
CSF2RB,1
CSF3R,1
CTLA4,1
CTNNB1,1
CTTN,1
CXCR4,1
DAG1,1
DCC,1
DCLK3,1
DCN,1
DDR1,1
DDR2,1
DNAJA3,1
DRD2,1
DSC3,1
DSCAM,1
DSCAML1,1
DSG1,1
DYM,1
EDA,1
EDA2R,1
EDNRA,1
EDNRB,1
EFNA2,1
EFNB1,1
EFNB2,1
EFNB3,1
EGFR,1
ENG,1
EPCAM,1
EPHA1,1
EPHA2,1
EPHA3,1
EPHA5,1
EPHA7,1
EPHB6,1
EPN1,1
ERBB2,1
ERBB4,1
ESR1,1
F2RL1,1
F3,1
FAM126B,1
FAP,1
FCAMR,1
FCAR,1
FCER1A,1
FCGR1A,1
FCGR2A,1
FCGR3B,1
FCGRT,1
FCRL1,1
FCRL4,1
FGFR1,1
FGFR2,1
FGFR3,1
FGFR4,1
FGFRL1,1
FLNA,1
FLRT1,1
FLRT2,1
FLRT3,1
FLT1,1
FLT4,1
FZD7,1
GABRB2,1
GFAP,1
GFRA1,1
GGT1,1
GGT2,1
GHR,1
GLG1,1
GNA15,1
GNAI1,1
GNAI2,1
GNAI3,1
GNB1,1
GP1BA,1
GP1BB,1
GP5,1
GP6,1
GP9,1
GPC1,1
GPC4,1
GPC6,1
GPR26,1
GPR37,1
GRB7,1
GRM1,1
GUCY2D,1
HAVCR1,1
HBEGF,1
HHLA2,1
HLA-B,1
HLA-C,1
HLA-DRA,1
HLA-DRB1,1
HSP90AB1,1
HTR1B,1
HTR1D,1
HTR4,1
HTR6,1
ICAM1,1
ICAM5,1
ICOSLG,1
IFITM1,1
IFNAR1,1
IFNAR2,1
IFNGR1,1
IFNGR2,1
IGDCC3,1
IGDCC4,1
IGF1R,1
IGF2R,1
IGKV1-16,1
IGSF11,1
IGSF21,1
IGSF3,1
IL10RB,1
IL17RA,1
IL17RC,1
IL18R1,1
IL1R2,1
IL1RAPL1,1
IL1RAPL2,1
IL20RA,1
IL23R,1
IL2RA,1
IL2RB,1
IL2RG,1
IL4R,1
IL6R,1
IL6ST,1
IL7R,1
ILDR2,1
IRS4,1
ITGA1,1
ITGA2,1
ITGA2B,1
ITGA3,1
ITGA4,1
ITGA5,1
ITGA6,1
ITGA7,1
ITGA9,1
ITGAV,1
ITGB1,1
ITGB3,1
ITGB4,1
ITGB5,1
ITM2B,1
JAK1,1
JAM1,1
JAM2,1
JAM3,1
JAML,1
KCNA1,1
KCNA2,1
KCNAB1,1
KDR,1
KIAA0319L,1
KIR2DL4,1
KIR2DL5A,1
KIR2DS3,1
KIR2DS4,1
KIR2DS5,1
KIR3DL1,1
KIR3DL2,1
KIR3DL3,1
KIRREL,1
KIT,1
KLRF2,1
KLRK1,1
L1CAM,1
LAYN,1
LDLR,1
LEPR,1
LIFR,1
LILRA1,1
LILRA3,1
LILRA5,1
LILRA6,1
LILRB1,1
LILRB2,1
LILRB3,1
LIN7B,1
LNX1,1
LRFN3,1
LRIT1,1
LRIT2,1
LRP1,1
LRPAP1,1
LRRC4,1
LRRC4B,1
LRRC4C,1
LRRN1,1
LRRN2,1
LRRTM2,1
LSAMP,1
LY6G6F,1
MADCAM1,1
MAGI1,1
MCAM,1
MERTK,1
MET,1
MFAP3L,1
MICA,1
MICB,1
MMP14,1
MMP15,1
MMP16,1
MOG,1
MPDZ,1
MPIG6B,1
MPZ,1
MPZL3,1
MS4A1,1
MTNR1A,1
MUSK,1
MXRA8,1
MYO1D,1
NAALADL1,1
NCAM1,1
NCAM2,1
NCOR1,1
NCR1,1
NCR3,1
NCSTN,1
NECTIN1,1
NECTIN2,1
NEGR1,1
NETO2,1
NGFR,1
NLGN3,1
NLGN4X,1
NOTCH4,1
NPTN,1
NRCAM,1
NRP1,1
NRP2,1
NRXN1,1
NRXN2,1
NRXN3,1
NT5E,1
NTM,1
NTNG1,1
NTRK1,1
NTRK3,1
OCLN,1
OPCML,1
OPRL1,1
OPRM1,1
OSMR,1
PA2G4,1
PARD3,1
PCDHAC1,1
PCDHB3,1
PCDHGB6,1
PDCD1,1
PDGFRA,1
PDGFRB,1
PEPD,1
PIGR,1
PIK3CA,1
PIK3R1,1
PILRA,1
PILRB,1
PLGRKT,1
PLXNA1,1
PLXNB1,1
PLXNB3,1
PPP2R2B,1
PRLR,1
PRNP,1
PROCR,1
PRRG4,1
PRTG,1
PTAFR,1
PTCH1,1
PTGFRN,1
PTGIR,1
PTK7,1
PTPRC,1
PTPRD,1
PTPRF,1
PTPRG,1
PTPRM,1
PTPRO,1
PTPRS,1
PTPRT,1
PTPRZ1,1
PVR,1
RECK,1
RET,1
RGS19,1
ROBO3,1
ROR2,1
RTN4R,1
S1PR1,1
S1PR3,1
SCN2B,1
SDK2,1
SELL,1
SEMA4B,1
SEMA4C,1
SEMA4F,1
SEMA4G,1
SEMA5A,1
SEMA6C,1
SEMA6D,1
SEMA7A,1
SH2B3,1
SHANK2,1
SIGLEC1,1
SIGLEC14,1
SIGLEC15,1
SIGLEC5,1
SIGLEC6,1
SIGLEC7,1
SIGLEC8,1
SIGLEC9,1
SIRPA,1
SLAMF6,1
SMAP1,1
SORL1,1
SRGN,1
ST14,1
STAB1,1
STUB1,1
SYT1,1
TARM1,1
TCTN1,1
TCTN3,1
TEK,1
TGFBR1,1
TGFBR2,1
TGOLN2,1
THY1,1
TIE1,1
TJP1,1
TJP2,1
TJP3,1
TLR2,1
TLR6,1
TMIGD2,1
TNFRSF10C,1
TNFRSF11A,1
TNFRSF11B,1
TNFRSF12A,1
TNFRSF13C,1
TNFRSF14,1
TNFRSF17,1
TNFRSF6B,1
TNFRSF8,1
TPSG1,1
TREM1,1
TREM2,1
TREML2,1
TRIP6,1
TRPV5,1
TSHR,1
TSPAN1,1
TSPAN3,1
TSPAN33,1
TSPAN5,1
TYRO3,1
ULBP2,1
ULBP3,1
UNC5C,1
VSIG4,1
VSTM2L,1
ZYX,1
ALB,1
BMP15,1
BMP2,1
BMP3,1
CCL4L1,1
CCL5,1
CXCL10,1
DBP,1
ETV5,1
F12,1
F8,1
FGA,1
FGF1,1
GDF11,1
IFNA2,1
IFNG,1
IL11,1
IL12B,1
IL15,1
IL18BP,1
IL2,1
IL21,1
IL23A,1
IL4,1
IL5,1
IL6,1
IL7,1
IL9,1
MFGE8,1
PCSK9,1
S100A10,1
SCUBE2,1
SLIT2,1
SNX14,1
TGFA,1
TGFB1,1
TNFSF10,1
TRBV20OR9-2,1
COL10A1,1
COL1A1,1
COL1A2,1
COL2A1,1
COL3A1,1
COL4A1,1
COL4A2,1
COL4A3,1
COL4A4,1
COL4A5,1
COL4A6,1
COL5A1,1
COL5A2,1
COL5A3,1
COL8A1,1
COL8A2,1
COMP,1
FN1,1
HAS1,1
LPL,1
MATN1,1
MMP2,1
MMP9,1
SELE,1
THBS1,1
THBS2,1
VCAN,1
VTN,1
ADM,1
ANXA1,1
AVP,1
CCL14,1
CCL2,1
CORT,1
CXCL12,1
CXCL2,1
DEFB4A,1
GAL,1
GHRL,1
INSL3,1
KNG1,1
MLN,1
MT-RNR2,1
NMB,1
NPB,1
NPVF,1
OXT,1
PDYN,1
PENK,1
PPY,1
PRLH,1
PROK1,1
PTHLH,1
RARRES2,1
RLN2,1
RSPO1,1
RSPO2,1
RSPO3,1
RSPO4,1
SAA1,1
TAC3,1
UCN3,1
UTS2B,1
PI3,1
CCL21,1
CD98,1
FBLN1,1
FBLN2,1
FGF2,1
FRZB,1
MBL2,1
PLG,1
SFRP2,1
SFRP5,1
VWF,1
WNT11,1
ADM2,1
ADO,1
AGRP,1
AMH,1
ANGPTL1,1
ANGPTL7,1
APOB,1
APOO,1
ARTN,1
B2M,1
BMP4,1
BMP5,1
BMP7,1
BPI,1
BTN1A1,1
CALCA,1
CD40LG,1
CD59,1
CLCF1,1
CNTN4,1
CNTN6,1
CRLF1,1
EGF,1
F11,1
FGB,1
FGG,1
FSTL5,1
GCG,1
GH1,1
GHRH,1
GIP,1
GPC3,1
GRP,1
HAPLN1,1
IGFBP7,1
IGFBPL1,1
IGSF1,1
IGSF10,1
IL11RA,1
IMPG2,1
KITLG,1
LAIR2,1
LCN2,1
LECT1,1
LEP,1
LGALS3,1
LINGO4,1
LPA,1
LTF,1
MIA,1
MMP1,1
MXRA5,1
NR0B2,1
NRG1,1
NRG2,1
NTN1,1
PAM,1
PAPLN,1
PI16,1
PLA2G2A,1
PSG4,1
PSG5,1
PSG6,1
PSG7,1
PSG9,1
RARRES1,1
S100A4,1
SCEL,1
SEMA3E,1
SEMA3G,1
SLC6A8,1
SLITRK1,1
SPARC,1
TIMP3,1
TNFSF9,1
TPSAB1,1
TREML4,1
WFIKKN2,1
WNT7A,1
WNT7B,1
ZPBP2,1
A1BG,1
A2M,1
AAAS,1
AAK1,1
AANAT,1
AASDHPPT,1
AATF,1
AATK,1
ABCA1,1
ABCB1,1
ABCC3,1
ABCC8,1
ABCF2,1
ABCG1,1
ABHD5,1
ABI1,1
ABI2,1
ABI3BP,1
ABL1,1
ABL2,1
ABR,1
ABRAXAS1,1
ACAA2,1
ACACA,1
ACACB,1
ACAP1,1
ACAP2,1
ACD,1
ACE,1
ACHE,1
ACKR2,1
ACKR4,1
ACP1,1
ACP3,1
ACP4,1
ACP5,1
ACP6,1
ACR,1
ACSL3,1
ACSL4,1
ACSM3,1
ACSS2,1
ACTA1,1
ACTB,1
ACTG1,1
ACTL6A,1
ACTN1,1
ACTN2,1
ACTN3,1
ACTN4,1
ACTR2,1
ACTRT1,1
ACVR1,1
ACVR1B,1
ACVR1C,1
ACVR2,1
ACVR2A,1
ADA,1
ADAM11,1
ADAM12,1
ADAM19,1
ADAM23,1
ADAM28,1
ADAM29,1
ADAM33,1
ADAM7,1
ADAM9,1
ADAMTS1,1
ADAMTS13,1
ADAMTS3,1
ADAMTS4,1
ADAMTS5,1
ADAP1,1
ADAR,1
ADARB1,1
ADCK1,1
ADCY1,1
ADCY10,1
ADCY2,1
ADCY3,1
ADCY4,1
ADCY5,1
ADCY6,1
ADCY7,1
ADCY8,1
ADCY9,1
ADCYAP1R1,1
ADGRB1,1
ADGRB2,1
ADGRE5,1
ADGRV1,1
ADH1A,1
ADH5,1
ADIPOQ,1
ADIPOR1,1
ADIPOR2,1
ADORA2B,1
ADORA3,1
ADRA1D,1
ADRA2A,1
ADRA2B,1
ADRA2C,1
ADRB1,1
ADRB3,1
ADRM1,1
AFAP1,1
AFAP1L2,1
AFF1,1
AFM,1
AFP,1
AGA,1
AGAP2,1
AGO2,1
AGPAT5,1
AGRN,1
AGTR2,1
AGTRAP,1
AHCTF1,1
AHNAK,1
AHR,1
AHRR,1
AHSA1,1
AHSG,1
AHSP,1
AIF1,1
AIFM1,1
AIMP1,1
AIP,1
AK6,1
AKAP1,1
AKAP12,1
AKAP13,1
AKAP3,1
AKAP4,1
AKAP5,1
AKAP8,1
AKAP8L,1
AKAP9,1
AKR1A1,1
AKR1B1,1
AKR1C3,1
AKR1D1,1
AKT1,1
AKT1S1,1
AKT2,1
AKT3,1
ALDH1A1,1
ALDH1A2,1
ALDH1A3,1
ALDH1L1,1
ALDH2,1
ALK,1
ALKAL1,1
ALKAL2,1
ALOX12,1
ALOX15,1
ALOX15B,1
ALOX5,1
ALPI,1
ALPK1,1
ALPL,1
ALPP,1
AMBN,1
AMBRA1,1
AMELX,1
AMELY,1
AMER1,1
AMFR,1
AMHR2,1
AMIGO1,1
AMIGO2,1
AMOT,1
AMOTL1,1
AMPH,1
ANAPC1,1
ANAPC10,1
ANAPC11,1
ANAPC13,1
ANAPC2,1
ANAPC4,1
ANAPC5,1
ANAPC7,1
ANG,1
ANGPT1,1
ANGPT2,1
ANGPT4,1
ANGPTL2,1
ANGPTL3,1
ANGPTL4,1
ANGPTL5,1
ANGPTL6,1
ANK1,1
ANKRD11,1
ANKRD12,1
ANKRD13C-DT,1
ANKRD6,1
ANO7,1
ANO9,1
ANOS1,1
ANP32A,1
ANP32B,1
ANPEP,1
ANTXR1,1
ANXA5,1
ANXA6,1
ANXA7,1
AOC3,1
AP1B1,1
AP1S2,1
AP2A1,1
AP2A2,1
AP2B1,1
AP2M1,1
AP2S1,1
APAF1,1
APBA3,1
APBB1,1
APBB1IP,1
APC2,1
APCS,1
APEX1,1
APEX2,1
APH1A,1
APH1B,1
APIP,1
APLF,1
APLN,1
APLNR,1
APLP2,1
APOA1,1
APOA2,1
APOA4,1
APOA5,1
APOBEC2,1
APOC1,1
APOC2,1
APOC3,1
APOC4,1
APOD,1
APOE,1
APOF,1
APPL1,1
APRT,1
AR,1
ARAF,1
ARAP1,1
ARAP2,1
ARAP3,1
AREG,1
AREGB,1
ARF4,1
ARF6,1
ARFGAP1,1
ARFGAP3,1
ARFGEF1,1
ARFGEF2,1
ARFIP1,1
ARFIP2,1
ARFRP1,1
ARG1,1
ARHGAP1,1
ARHGAP10,1
ARHGAP11A,1
ARHGAP11B,1
ARHGAP12,1
ARHGAP15,1
ARHGAP17,1
ARHGAP19,1
ARHGAP20,1
ARHGAP21,1
ARHGAP22,1
ARHGAP23,1
ARHGAP24,1
ARHGAP26,1
ARHGAP27,1
ARHGAP28,1
ARHGAP29,1
ARHGAP30,1
ARHGAP31,1
ARHGAP32,1
ARHGAP33,1
ARHGAP35,1
ARHGAP39,1
ARHGAP4,1
ARHGAP40,1
ARHGAP44,1
ARHGAP45,1
ARHGAP5,1
ARHGAP6,1
ARHGAP8,1
ARHGAP9,1
ARHGDIA,1
ARHGDIB,1
ARHGDIG,1
ARHGEF1,1
ARHGEF10,1
ARHGEF10L,1
ARHGEF11,1
ARHGEF12,1
ARHGEF15,1
ARHGEF17,1
ARHGEF18,1
ARHGEF19,1
ARHGEF2,1
ARHGEF25,1
ARHGEF26,1
ARHGEF28,1
ARHGEF3,1
ARHGEF4,1
ARHGEF5,1
ARHGEF6,1
ARHGEF7,1
ARHGEF9,1
ARID1A,1
ARID3A,1
ARID4A,1
ARIH2,1
ARL15,1
ARL2,1
ARL6IP5,1
ARNT,1
ARPC1A,1
ARPC1B,1
ARPC2,1
ARPC3,1
ARPC4,1
ARPC5,1
ARPC5L,1
ARRB1,1
ARSA,1
ARVCF,1
ASAH1,1
ASAP1,1
ASAP2,1
ASAP3,1
ASB15,1
ASF1A,1
ASF1B,1
ASGR1,1
ASH1L,1
ASH2L,1
ASIP,1
ASMT,1
ASPH,1
ASPN,1
ASPSCR1,1
ASRGL1,1
ASXL1,1
ASXL2,1
ATAD2,1
ATF1,1
ATF2,1
ATF3,1
ATF4,1
ATF6,1
ATF6B,1
ATF7,1
ATG10,1
ATG101,1
ATG12,1
ATG13,1
ATG14,1
ATG16L1,1
ATG3,1
ATG4A,1
ATG4B,1
ATG4D,1
ATG5,1
ATG7,1
ATG9A,1
ATIC,1
ATL1,1
ATM,1
ATMIN,1
ATOH1,1
ATP1A3,1
ATP2A2,1
ATP2C1,1
ATP5F1A,1
ATP5PF,1
ATP6V0A4,1
ATP6V0C,1
ATP6V0D1,1
ATP6V0D2,1
ATP6V1B1,1
ATP6V1D,1
ATP6V1F,1
ATP6V1G1,1
ATP6V1G2,1
ATP6V1G3,1
ATP6V1H,1
ATP7A,1
ATP8A1,1
ATP8A2,1
ATPAF1,1
ATPAF2,1
ATR,1
ATRIP,1
ATRX,1
ATXN2,1
ATXN2L,1
ATXN3,1
ATXN7,1
AURKA,1
AURKAIP1,1
AURKB,1
AURKC,1
AVEN,1
AVPR1A,1
AVPR1B,1
AVPR2,1
AXIN1,1
AXIN2,1
AZGP1,1
AZI2,1
AZIN1,1
AZU1,1
BABAM1,1
BABAM2,1
BACE1,1
BACE2,1
BACH1,1
BACH2,1
BAD,1
BAG1,1
BAG2,1
BAG3,1
BAG4,1
BAG5,1
BAG6,1
BAIAP2,1
BAK1,1
BAMBI,1
BANF1,1
BANP,1
BAP1,1
BARD1,1
BARX2,1
BATF3,1
BAX,1
BAZ1B,1
BBC3,1
BBS4,1
BCAN,1
BCAP31,1
BCAR1,1
BCAR3,1
BCCIP,1
BCHE,1
BCKDHB,1
BCKDK,1
BCL10,1
BCL11B,1
BCL2,1
BCL2L1,1
BCL2L10,1
BCL2L11,1
BCL2L13,1
BCL2L2,1
BCL3,1
BCL6,1
BCL9,1
BCOR,1
BCORL1,1
BCR,1
BDKRB1,1
BDKRB2,1
BDNF,1
BECN1,1
BFAR,1
BGLAP,1
BGN,1
BHLHE40,1
BHLHE41,1
BID,1
BIK,1
BIRC2,1
BIRC3,1
BIRC5,1
BIRC6,1
BIRC7,1
BIRC8,1
BLCAP,1
BLK,1
BLM,1
BLNK,1
BLR1,1
BLVRA,1
BLVRB,1
BMAL1,1
BMF,1
BMI1,1
BMP1,1
BMP10,1
BMP2K,1
BMP6,1
BMP8A,1
BMP8B,1
BMPR2,1
BMX,1
BNIP2,1
BNIP3,1
BNIP3L,1
BOK,1
BORA,1
BPNT1,1
BRAF,1
BRAP,1
BRCA1,1
BRCA2,1
BRCC3,1
BRD1,1
BRD2,1
BRD3,1
BRD4,1
BRD7,1
BRD8,1
BRDT,1
BRI3,1
BRIP1,1
BRK1,1
BRMS1,1
BRS3,1
BRSK1,1
BRSK2,1
BSG,1
BSPRY,1
BST1,1
BST2,1
BTAF1,1
BTC,1
BTF3,1
BTG1,1
BTG2,1
BTRC,1
BUB1,1
BUB1B,1
BUB3,1
C10orf99,1
C1D,1
C1orf112,1
C1orf194,1
C1orf200,1
C1QA,1
C1QB,1
C1QBP,1
C1QC,1
C1QL1,1
C1QL2,1
C1QL3,1
C1QL4,1
C1QTNF1,1
C1QTNF4,1
C1QTNF5,1
C1R,1
C1S,1
C2,1
C3,1
C3AR1,1
C4A,1
C4B,1
C4B_2,1
C4BPA,1
C4BPB,1
C5AR1,1
C5AR2,1
C5orf55,1
C6,1
C6orf15,1
C7,1
C8A,1
C8B,1
C8G,1
C8orf17,1
C9,1
CA1,1
CA9,1
CAB39,1
CABIN1,1
CABLES1,1
CABLES2,1
CABP1,1
CACNA1A,1
CACNA1C,1
CACNA2D3,1
CAD,1
CALB1,1
CALB2,1
CALCB,1
CALCOCO1,1
CALCOCO2,1
CALCR,1
CALCRL,1
CALD1,1
CALM2,1
CALM3,1
CALML3,1
CALML5,1
CALML6,1
CALR,1
CAMK1,1
CAMK1D,1
CAMK1G,1
CAMK2A,1
CAMK2B,1
CAMK2D,1
CAMK2G,1
CAMK4,1
CAMKK1,1
CAMKK2,1
CAMKV,1
CAMLG,1
CAMP,1
CAND1,1
CANX,1
CAP1,1
CAPN1,1
CAPN2,1
CAPN3,1
CAPNS1,1
CAPRIN1,1
CAPRIN2,1
CARD10,1
CARD14,1
CARD16,1
CARD17P,1
CARD18,1
CARD19,1
CARD6,1
CARD8,1
CARD9,1
CARM1,1
CARTPT,1
CASK,1
CASP1,1
CASP10,1
CASP12,1
CASP2,1
CASP3,1
CASP4,1
CASP5,1
CASP6,1
CASP7,1
CASP8AP2,1
CASP9,1
CASQ1,1
CASR,1
CAST,1
CAT,1
CAV2,1
CAV3,1
CBFA2T2,1
CBFA2T3,1
CBFB,1
CBL,1
CBLB,1
CBLC,1
CBLL1,1
CBLN1,1
CBR1,1
CBS,1
CBX1,1
CBX4,1
CBX5,1
CBY1,1
CC2D1A,1
CCAR1,1
CCAR2,1
CCBP2,1
CCDC6,1
CCDC62,1
CCK,1
CCKAR,1
CCKBR,1
CCL1,1
CCL11,1
CCL12,1
CCL15,1
CCL15-CCL14,1
CCL16,1
CCL17,1
CCL19,1
CCL20,1
CCL22,1
CCL23,1
CCL24,1
CCL25,1
CCL26,1
CCL27,1
CCL28,1
CCL3,1
CCL3L1,1
CCL3L3,1
CCL4,1
CCL7,1
CCM2,1
CCN1,1
CCN2,1
CCN3,1
CCN4,1
CCN6,1
CCNA1,1
CCNA2,1
CCNB1,1
CCNB2,1
CCNB3,1
CCNC,1
CCND1,1
CCND2,1
CCND3,1
CCNE1,1
CCNE2,1
CCNG1,1
CCNH,1
CCNQ,1
CCNT1,1
CCNT2,1
CCNY,1
CCP110,1
CCR10,1
CCR3,1
CCR5,1
CCR6,1
CCR7,1
CCR8,1
CCR9,1
CCRL2,1
CCS,1
CCXCR1,1
CD109,1
CD151,1
CD160,1
CD177,1
CD1D,1
CD1D1,1
CD1D2,1
CD200,1
CD200R1,1
CD209,1
CD209A,1
CD226,1
CD24,1
CD247,1
CD248,1
CD27,1
CD276,1
CD36,1
CD37,1
CD38,1
CD3E,1
CD3G,1
CD40,1
CD46,1
CD52,1
CD53,1
CD55,1
CD5L,1
CD70,1
CD82,1
CD83,1
CD84,1
CD86,1
CD8A,1
CD8B,1
CD93,1
CD96,1
CD99,1
CDC14A,1
CDC14B,1
CDC16,1
CDC20,1
CDC23,1
CDC25A,1
CDC25B,1
CDC25C,1
CDC26,1
CDC27,1
CDC34,1
CDC42,1
CDC42BPA,1
CDC42BPB,1
CDC42BPG,1
CDC42SE1,1
CDC45,1
CDC5L,1
CDC6,1
CDC7,1
CDC73,1
CDCA3,1
CDCA4,1
CDCA7L,1
CDCA8,1
CDH1,1
CDH11,1
CDH12,1
CDH15,1
CDH18,1
CDH2,1
CDH23,1
CDH3,1
CDH4,1
CDH5,1
CDH7,1
CDHR1,1
CDHR5,1
CDK1,1
CDK10,1
CDK11A,1
CDK11B,1
CDK12,1
CDK13,1
CDK14,1
CDK15,1
CDK16,1
CDK17,1
CDK18,1
CDK19,1
CDK2,1
CDK20,1
CDK3,1
CDK4,1
CDK5,1
CDK5R1,1
CDK5R2,1
CDK5RAP2,1
CDK5RAP3,1
CDK6,1
CDK7,1
CDK8,1
CDK9,1
CDKL1,1
CDKL2,1
CDKL3,1
CDKL5,1
CDKN1A,1
CDKN1B,1
CDKN1C,1
CDKN2A,1
CDKN2AIP,1
CDKN2B,1
CDKN2C,1
CDKN2D,1
CDKN3,1
CDO1,1
CDON,1
CDR1,1
CDR2,1
CDS1,1
CDT1,1
CDX1,1
CDX2,1
CEACAM1,1
CEACAM16,1
CEBPA,1
CEBPB,1
CEBPD,1
CEBPE,1
CEBPZ,1
CEL,1
CELA1,1
CELA3B,1
CELSR1,1
CELSR2,1
CELSR3,1
CENPA,1
CENPJ,1
CENPX,1
CEP290,1
CEP43,1
CEP85,1
CER1,1
CERK,1
CERT1,1
CETN3,1
CFAP276,1
CFB,1
CFC1,1
CFD,1
CFH,1
CFI,1
CFL1,1
CFL2,1
CFLAR,1
CFP,1
CFTR,1
CGB,1
CGB1,1
CGB2,1
CGB3,1
CGB5,1
CGB7,1
CGB8,1
CGN,1
CHAD,1
CHAT,1
CHD7,1
CHD8,1
CHEK1,1
CHEK2,1
CHFR,1
CHGA,1
CHGB,1
CHI3L1,1
CHIA,1
CHKA,1
CHMP1A,1
CHN1,1
CHN2,1
CHP1,1
CHP2,1
CHRD,1
CHRFAM7A,1
CHRM1,1
CHRM2,1
CHRM3,1
CHRM4,1
CHRM5,1
CHRNA1,1
CHRNA7,1
CHRNE,1
CHUK,1
CIAPIN1,1
CIB1,1
CIITA,1
CILK1,1
CILP,1
CIR1,1
CIRBP,1
CISD2,1
CIT,1
CITED1,1
CITED2,1
CKLF,1
CKS1B,1
CKS2,1
CLASP1,1
CLCA1,1
CLCN3,1
CLCN4,1
CLDN11,1
CLDN15,1
CLDN17,1
CLDN18,1
CLDN20,1
CLDN23,1
CLDN24,1
CLDN3,1
CLDN6,1
CLDN7,1
CLDN8,1
CLEC11A,1
CLEC1A,1
CLEC1B,1
CLEC2A,1
CLEC2B,1
CLEC2D,1
CLEC2F,1
CLEC2G,1
CLEC2H,1
CLEC2I,1
CLEC2L,1
CLEC3A,1
CLEC3B,1
CLEC4G,1
CLEC6A,1
CLEC7A,1
CLIC4,1
CLIP1,1
CLK1,1
CLK2,1
CLK3,1
CLK4,1
CLNS1A,1
CLOCK,1
CLP1,1
CLSPN,1
CLSTN1,1
CLTC,1
CMA1,1
CMKLR1,1
CMKLR2,1
CMPK1,1
CMTM2,1
CMTM3,1
CMTM4,1
CMTM6,1
CMTM8,1
CNKSR1,1
CNKSR2,1
CNMD,1
CNN1,1
CNOT2,1
CNOT8,1
CNOT9,1
CNP,1
CNR1,1
CNR2,1
CNTF,1
CNTN3,1
CNTNAP1,1
CNTNAP2,1
COL11A1,1
COL11A2,1
COL12A1,1
COL13A1,1
COL14A1,1
COL15A1,1
COL16A1,1
COL17A1,1
COL18A1,1
COL19A1,1
COL20A1,1
COL21A1,1
COL22A1,1
COL24A1,1
COL26A1,1
COL27A1,1
COL28A1,1
COL6A1,1
COL6A2,1
COL6A3,1
COL6A4,1
COL6A5,1
COL6A6,1
COL7A1,1
COL9A1,1
COL9A2,1
COL9A3,1
COLEC12,1
COLQ,1
COMMD1,1
COMT,1
COP1,1
COPA,1
COPS2,1
COPS3,1
COPS4,1
COPS5,1
COPS6,1
COQ8A,1
COX4I2,1
COX5B,1
CP,1
CPAMD8,1
CPD,1
CPE,1
CPLX1,1
CPM,1
CPOX,1
CPSF4,1
CPSF7,1
CPVL,1
CRADD,1
CRCP,1
CREB1,1
CREB3,1
CREB3L1,1
CREB3L2,1
CREB3L3,1
CREB3L4,1
CREB5,1
CREBBP,1
CREBZF,1
CREM,1
CRH,1
CRHBP,1
CRHR1,1
CRHR2,1
CRIP1,1
CRIPTO,1
CRISP2,1
CRISP3,1
CRK,1
CRLF2,1
CRP,1
CRTC1,1
CRTC2,1
CRTC3,1
CRY1,1
CRY2,1
CRYAA,1
CRYAB,1
CRYBB2,1
CS,1
CSAD,1
CSE1L,1
CSF1,1
CSF2,1
CSF2RA,1
CSF3,1
CSH2,1
CSK,1
CSN1S1,1
CSNK1A1,1
CSNK1A1L,1
CSNK1D,1
CSNK1E,1
CSNK1G1,1
CSNK1G2,1
CSNK1G3,1
CSNK2A1,1
CSNK2A2,1
CSNK2B,1
CSPG4,1
CST3,1
CST6,1
CSTA,1
CSTF1,1
CSTF2,1
CSTF3,1
CTBP1,1
CTBP2,1
CTCF,1
CTDNEP1,1
CTDP1,1
CTDSP1,1
CTDSP2,1
CTDSPL,1
CTDSPL2,1
CTF1,1
CTGF,1
CTHRC1,1
CTNNA1,1
CTNNA2,1
CTNNBIP1,1
CTNND1,1
CTNND2,1
CTRC,1
CTRL,1
CTSB,1
CTSD,1
CTSG,1
CTSH,1
CTSK,1
CTSL,1
CTSS,1
CUBN,1
CUEDC2,1
CUL1,1
CUL2,1
CUL3,1
CUL4A,1
CUL7,1
CUL9,1
CUX1,1
CX3CL1,1
CX3CR1,1
CXADR,1
CXCL1,1
CXCL13,1
CXCL14,1
CXCL16,1
CXCL3,1
CXCL5,1
CXCL6,1
CXCL7,1
CXCL8,1
CXCR1,1
CXCR2,1
CXCR3,1
CXCR5,1
CXCR6,1
CXXC1,1
CXXC4,1
CYB5R3,1
CYBA,1
CYBB,1
CYCS,1
CYFIP1,1
CYFIP2,1
CYLD,1
CYP11A1,1
CYP11B1,1
CYP11B2,1
CYP17A1,1
CYP19A1,1
CYP1A1,1
CYP1B1,1
CYP21A2,1
CYP24A1,1
CYP27B1,1
CYP2B6,1
CYP2C9,1
CYP2D6,1
CYP2E1,1
CYP3A4,1
CYR61,1
CYREN,1
CYRIB,1
CYSLTR1,1
CYSLTR2,1
CYTH1,1
CYTH2,1
CYTH3,1
CYTH4,1
CYTL1,1
DAAM1,1
DAB1,1
DAB2,1
DAB2IP,1
DACH1,1
DACH2,1
DACT1,1
DACT2,1
DAGLA,1
DAGLB,1
DAND5,1
DAOA,1
DAP,1
DAP3,1
DAPK1,1
DAPK2,1
DAPK3,1
DAPP1,1
DAXX,1
DBF4,1
DBF4B,1
DBH,1
DBI,1
DBNL,1
DBT,1
DCBLD2,1
DCHS1,1
DCLK1,1
DCLK2,1
DCLRE1B,1
DCLRE1C,1
DCP1A,1
DCTN1,1
DCTN2,1
DCTN3,1
DCTN4,1
DCTN5,1
DCTN6,1
DCUN1D1,1
DDAH2,1
DDB1,1
DDB2,1
DDC,1
DDHD1,1
DDIT3,1
DDIT4,1
DDX1,1
DDX17,1
DDX20,1
DDX21,1
DDX5,1
DEAF1,1
DEF6,1
DEFA1,1
DEFB1,1
DEFB103A,1
DEFB103B,1
DEFB104A,1
DEFB106A,1
DEFB106B,1
DEFB4B,1
DEK,1
DELEC1,1
DENND2B,1
DENND4A,1
DEPTOR,1
DES,1
DEXI,1
DFFA,1
DFFB,1
DGKZ,1
DGUOK,1
DHCR24,1
DHCR7,1
DHH,1
DHPS,1
DHRS9,1
DHX58,1
DHX9,1
DIABLO,1
DIAPH1,1
DIAPH2,1
DIAPH3,1
DICER1,1
DIO3,1
DIPK2A,1
DISC1,1
DISP1,1
DISP2,1
DISP3,1
DIXDC1,1
DKK1,1
DKK2,1
DKK3,1
DKK4,1
DLAT,1
DLC1,1
DLD,1
DLG1,1
DLG2,1
DLG3,1
DLG4,1
DLGAP1,1
DLK1,1
DLK2,1
DLL1,1
DLL3,1
DLL4,1
DLX2,1
DLX3,1
DLX4,1
DMAP1,1
DMBT1,1
DMBX1,1
DMC1,1
DMD,1
DMP1,1
DMPK,1
DNAH8,1
DNAJA1,1
DNAJA2,1
DNAJB1,1
DNAJB11,1
DNAJB6,1
DNAJB7,1
DNAJC15,1
DNAJC3,1
DNAJC5,1
DNAJC7,1
DNAL4,1
DNER,1
DNM1,1
DNM1L,1
DNM2,1
DNMBP,1
DNMT3A,1
DNMT3B,1
DNMT3L,1
DNTT,1
DNTTIP1,1
DOC2A,1
DOCK1,1
DOCK10,1
DOCK2,1
DOCK3,1
DOCK6,1
DOCK7,1
DOCK9,1
DOK1,1
DOK2,1
DOK4,1
DOK7,1
DOT1L,1
DPEP1,1
DPEP2,1
DPEP3,1
DPM1,1
DPP10,1
DPP4,1
DPYSL2,1
DRAXIN,1
DRD1,1
DRD3,1
DRD4,1
DRD5,1
DSC1,1
DSC2,1
DSG1C,1
DSG2,1
DSG4,1
DSP,1
DSPP,1
DST,1
DTL,1
DTX1,1
DTX3L,1
DTX4,1
DUOX1,1
DUOXA2,1
DUSP1,1
DUSP10,1
DUSP11,1
DUSP12,1
DUSP13B,1
DUSP14,1
DUSP16,1
DUSP18,1
DUSP19,1
DUSP2,1
DUSP22,1
DUSP23,1
DUSP26,1
DUSP29,1
DUSP3,1
DUSP4,1
DUSP5,1
DUSP6,1
DUSP7,1
DUSP8,1
DUSP9,1
DVL1,1
DVL1P1,1
DVL2,1
DVL3,1
DYNLL1,1
DYNLL2,1
DYRK1A,1
DYRK1B,1
DYRK2,1
DYRK3,1
DYRK4,1
DZIP3,1
E2F1,1
E2F2,1
E2F3,1
E2F4,1
E2F5,1
E2F6,1
E2F7,1
E2F8,1
E4F1,1
EAF1,1
EAF2,1
EBI3,1
EBNA1BP2,1
EBP,1
ECE1,1
ECM1,1
ECSIT,1
ECT2,1
EDIL3,1
EDN1,1
EDN2,1
EDN3,1
EDRF1,1
EEA1,1
EED,1
EEF1A1,1
EEF1A2,1
EEF1B2,1
EEF1D,1
EEF1E1,1
EEF1G,1
EEF2K,1
EFEMP1,1
EFEMP2,1
EFHC1,1
EFNA1,1
EFNA3,1
EFNA4,1
EFNA5,1
EFS,1
EGFL8,1
EGLN1,1
EGLN2,1
EGLN3,1
EGR1,1
EGR2,1
EGR3,1
EHMT1,1
EHMT2,1
EI24,1
EID2,1
EIF1,1
EIF1AX,1
EIF2A,1
EIF2AK1,1
EIF2AK2,1
EIF2AK3,1
EIF2AK4,1
EIF2B1,1
EIF2B2,1
EIF2B4,1
EIF2B5,1
EIF2S1,1
EIF2S2,1
EIF3E,1
EIF3F,1
EIF3I,1
EIF3J,1
EIF4A1,1
EIF4A2,1
EIF4B,1
EIF4E,1
EIF4EBP1,1
EIF4EBP2,1
EIF4EBP3,1
EIF4G1,1
EIF4G2,1
EIF4H,1
EIF5,1
EIF5A,1
EIF5B,1
EIF6,1
ELANE,1
ELAVL1,1
ELF1,1
ELF2,1
ELF3,1
ELF4,1
ELK1,1
ELK4,1
ELMO1,1
ELMO2,1
ELN,1
ELOB,1
ELOC,1
ELP1,1
ELP2,1
ELP3,1
EMD,1
EMILIN1,1
EMP2,1
ENAH,1
ENAM,1
ENC1,1
ENHO,1
ENO1,1
ENPEP,1
ENPP1,1
ENPP2,1
ENTPD1,1
ENTREP3,1
EOMES,1
EP300,1
EP400,1
EPAS1,1
EPB41,1
EPGN,1
EPHA4,1
EPHA6,1
EPHA8,1
EPHB1,1
EPHB2,1
EPHB3,1
EPHB4,1
EPHX1,1
EPM2A,1
EPO,1
EPOR,1
EPS15,1
EPS15L1,1
EPS8,1
EPX,1
ERBB3,1
ERBIN,1
ERC1,1
ERCC2,1
ERCC3,1
ERCC5,1
ERCC6,1
ERCC8,1
EREG,1
ERFE,1
ERG,1
ERGIC1,1
ERGIC3,1
ERN1,1
ERRFI1,1
ERVH48-1,1
ERVK-6,1
ERVW-1,1
ESAM,1
ESCO1,1
ESPL1,1
ESPN,1
ESR2,1
ESRRA,1
ESRRB,1
ESRRG,1
ETAA1,1
ETFB,1
ETFDH,1
ETS1,1
ETS2,1
ETV1,1
ETV3,1
ETV4,1
ETV6,1
ETV7,1
EVPL,1
EWSR1,1
EXOC2,1
EXOC3-AS1,1
EXOC4,1
EXOC6B,1
EXOSC10,1
EXTL1,1
EXTL3,1
EYA1,1
EYA2,1
EYA3,1
EYA4,1
EZH2,1
EZR,1
F10,1
F11R,1
F13A1,1
F13B,1
F2,1
F2R,1
F2RL2,1
F2RL3,1
F5,1
F7,1
F9,1
FAAH,1
FAAP100,1
FAAP24,1
FABP5,1
FABP6,1
FADD,1
FAF1,1
FAIM,1
FAM107A,1
FAM13A,1
FAM13B,1
FAM162A,1
FAM20C,1
FAM3B,1
FAM3C,1
FAM3D,1
FANCA,1
FANCB,1
FANCC,1
FANCD2,1
FANCE,1
FANCF,1
FANCG,1
FANCI,1
FANCL,1
FANCM,1
FARP1,1
FARP2,1
FAS,1
FASLG,1
FASN,1
FASTK,1
FAT1,1
FAT2,1
FAT3,1
FAT4,1
FBH1,1
FBLIM1,1
FBLN5,1
FBN1,1
FBP1,1
FBRS,1
FBXL5,1
FBXO11,1
FBXO15,1
FBXO2,1
FBXO21,1
FBXO22,1
FBXO31,1
FBXO32,1
FBXO42,1
FBXO43,1
FBXO45,1
FBXO5,1
FBXO6,1
FBXO7,1
FBXO8,1
FBXW11,1
FBXW5,1
FBXW7,1
FBXW8,1
FCER1G,1
FCER2,1
FCGR2B,1
FCGR2C,1
FCGR3A,1
FCMR,1
FCN2,1
FCN3,1
FDFT1,1
FDPS,1
FDX1,1
FDX2,1
FDXR,1
FEM1A,1
FEN1,1
FER,1
FERMT1,1
FERMT2,1
FERMT3,1
FES,1
FFAR1,1
FFAR2,1
FFAR3,1
FFAR4,1
FGD1,1
FGD2,1
FGD3,1
FGD4,1
FGD5,1
FGF10,1
FGF11,1
FGF12,1
FGF13,1
FGF14,1
FGF16,1
FGF17,1
FGF18,1
FGF19,1
FGF20,1
FGF21,1
FGF22,1
FGF23,1
FGF3,1
FGF4,1
FGF5,1
FGF6,1
FGF7,1
FGF8,1
FGF9,1
FGFBP1,1
FGL1,1
FGL2,1
FGR,1
FHIT,1
FHL1,1
FHL2,1
FHL5,1
FIGF,1
FIP1L1,1
FIRRM,1
FIS1,1
FIZ1,1
FKBP15,1
FKBP1A,1
FKBP4,1
FKBP5,1
FKBP8,1
FLCN,1
FLI1,1
FLII,1
FLOT2,1
FLT3,1
FLT3LG,1
FMOD,1
FMR1,1
FNBP1L,1
FNDC5,1
FNTA,1
FNTB,1
FOS,1
FOSB,1
FOSL1,1
FOSL2,1
FOXA1,1
FOXA2,1
FOXA3,1
FOXC1,1
FOXC2,1
FOXF1,1
FOXG1,1
FOXH1,1
FOXI1,1
FOXL2,1
FOXM1,1
FOXO1,1
FOXO3,1
FOXO4,1
FOXO6,1
FOXP1,1
FOXP3,1
FPR1,1
FPR2,1
FPR3,1
FRAS1,1
FRAT1,1
FRAT2,1
FREM1,1
FRK,1
FRS2,1
FRS3,1
FRY,1
FSHB,1
FSHR,1
FST,1
FSTL1,1
FSTL3,1
FTH1,1
FTL,1
FTO,1
FUBP1,1
FURIN,1
FUS,1
FXN,1
FXYD1,1
FXYD2,1
FXYD5,1
FY,1
FYCO1,1
FYN,1
FZD1,1
FZD10,1
FZD2,1
FZD3,1
FZD4,1
FZD5,1
FZD6,1
FZD8,1
FZD9,1
FZR1,1
G3BP1,1
G3BP2,1
GAB1,1
GAB2,1
GABARAP,1
GABARAPL1,1
GABARAPL2,1
GABBR1,1
GABPA,1
GABPB1,1
GABPB2,1
GABRQ,1
GAD1,1
GAD2,1
GADD45A,1
GADD45B,1
GADD45G,1
GADD45GIP1,1
GAK,1
GALK1,1
GALP,1
GALR1,1
GALR2,1
GALR3,1
GAPDH,1
GAPVD1,1
GAS1,1
GAS6,1
GATA1,1
GATA2,1
GATA3,1
GATA4,1
GATA6,1
GBA1,1
GBF1,1
GC,1
GCC1,1
GCGR,1
GCHFR,1
GCK,1
GCKR,1
GCLC,1
GDF1,1
GDF10,1
GDF15,1
GDF2,1
GDF3,1
GDF5,1
GDF6,1
GDF7,1
GDF9,1
GDI1,1
GDNF,1
GEM,1
GFER,1
GFI1,1
GFI1B,1
GFPT1,1
GGA3,1
GGCX,1
GGT5,1
GHITM,1
GHRHR,1
GHSR,1
GIPC1,1
GIPR,1
GIT1,1
GIT2,1
GJA1,1
GJA3,1
GJA5,1
GJB2,1
GJB6,1
GJC1,1
GK,1
GK2,1
GKN2,1
GLB1,1
GLI1,1
GLI2,1
GLI3,1
GLIS2,1
GLMN,1
GLO1,1
GLP1R,1
GLP2R,1
GLRX,1
GLS,1
GLS2,1
GM10499,1
GM11127,1
GM7030,1
GM8909,1
GMFB,1
GMIP,1
GMNN,1
GMPS,1
GNA11,1
GNA12,1
GNA13,1
GNA14,1
GNAL,1
GNAO1,1
GNAQ,1
GNAS,1
GNAT1,1
GNAT2,1
GNAZ,1
GNB2,1
GNB3,1
GNB4,1
GNB5,1
GNG10,1
GNG11,1
GNG12,1
GNG13,1
GNG2,1
GNG3,1
GNG4,1
GNG5,1
GNG7,1
GNG8,1
GNGT1,1
GNGT2,1
GNL1,1
GNL3,1
GNLY,1
GNRH1,1
GNRH2,1
GNRHR,1
GNRHR2,1
GOLGA2,1
GOLGA4,1
GOLM1,1
GOLPH3,1
GOPC,1
GORASP1,1
GP2,1
GPALPP1,1
GPAT3,1
GPBAR1,1
GPD1L,1
GPER,1
GPER1,1
GPHA2,1
GPHB5,1
GPI,1
GPIHBP1,1
GPLD1,1
GPM6A,1
GPNMB,1
GPR107,1
GPR119,1
GPR132,1
GPR151,1
GPR160,1
GPR161,1
GPR17,1
GPR174,1
GPR182,1
GPR183,1
GPR2,1
GPR34,1
GPR35,1
GPR55,1
GPR84,1
GPR9,1
GPSM1,1
GPSM2,1
GPX1,1
GRAP,1
GRAP2,1
GRB10,1
GRB14,1
GRB2,1
GREM1,1
GREM2,1
GRHL3,1
GRIA1,1
GRIA2,1
GRIN1,1
GRIN2A,1
GRIN2B,1
GRIP1,1
GRIPAP1,1
GRK1,1
GRK2,1
GRK3,1
GRK4,1
GRK5,1
GRK6,1
GRK7,1
GRM2,1
GRM3,1
GRM4,1
GRM5,1
GRM6,1
GRM7,1
GRM8,1
GRN,1
GRPR,1
GSF3,1
GSK3A,1
GSK3B,1
GSKIP,1
GSN,1
GSPT1,1
GSPT2,1
GSR,1
GSTM1,1
GSTM2,1
GSTO1,1
GSTP1,1
GTF2A1,1
GTF2A2,1
GTF2B,1
GTF2E1,1
GTF2E2,1
GTF2F1,1
GTF2F2,1
GTF2H1,1
GTF2H2,1
GTF2H3,1
GTF2H4,1
GTF2I,1
GTF3A,1
GTF3C4,1
GTPBP1,1
GTSE1,1
GUCA2A,1
GUCA2B,1
GUCY2C,1
GUCY2F,1
GXYLT1,1
GXYLT2,1
GYPA,1
GZMA,1
GZMB,1
GZMH,1
GZMM,1
H2AC13,1
H2AC20,1
H2AX,1
H2AZ1,1
H3-3A,1
H3-4,1
H3C15,1
H4C14,1
H60a,1
HACD1,1
HACD3,1
HACE1,1
HADHB,1
HAMP,1
HAS2,1
HASPIN,1
HAT1,1
HAX1,1
HBA1,1
HBB,1
HBP1,1
HBZ,1
HCAR1,1
HCAR2,1
HCFC1,1
HCG22,1
HCK,1
HCRT,1
HCRTR1,1
HCRTR2,1
HCST,1
HDAC1,1
HDAC10,1
HDAC11,1
HDAC2,1
HDAC3,1
HDAC4,1
HDAC5,1
HDAC6,1
HDAC7,1
HDAC8,1
HDAC9,1
HDC,1
HDGF,1
HEBP1,1
HECTD3,1
HECW1,1
HELLS,1
HEMGN,1
HEPACAM,1
HERC2,1
HERPUD1,1
HERPUD2,1
HES1,1
HES5,1
HES6,1
HEXIM1,1
HEY1,1
HEY2,1
HFE,1
HGF,1
HGFAC,1
HGS,1
HHAT,1
HHIP,1
HHIPL2,1
HHLA3,1
HIC1,1
HIF1A,1
HIF1AN,1
HIF3A,1
HINFP,1
HINT1,1
HIP1,1
HIPK1,1
HIPK2,1
HIPK3,1
HIPK4,1
HIVEP1,1
HJV,1
HK1,1
HK2,1
HK3,1
HKDC1,1
HLA-A,1
HLA-DMA,1
HLA-DMB,1
HLA-DOA,1
HLA-DOB,1
HLA-DPA1,1
HLA-DPB1,1
HLA-DQA1,1
HLA-DQA2,1
HLA-DQB1,1
HLA-DQB2,1
HLA-DRB3,1
HLA-DRB4,1
HLA-DRB5,1
HLA-E,1
HLA-F,1
HLA-G,1
HLAE,1
HLF,1
HLX,1
HMBS,1
HMGA1,1
HMGA2,1
HMGB1,1
HMGB2,1
HMGN1,1
HMGN2,1
HMMR,1
HMOX1,1
HMOX2,1
HNF1A,1
HNF1B,1
HNF4A,1
HNRNPA0,1
HNRNPA1,1
HNRNPA2B1,1
HNRNPC,1
HNRNPD,1
HNRNPK,1
HNRNPM,1
HNRNPR,1
HNRNPU,1
HNRNPUL1,1
HOMER1,1
HOMER2,1
HOOK1,1
HOOK2,1
HOOK3,1
HOXA10,1
HOXA4,1
HOXA7,1
HOXA9,1
HOXB13,1
HOXB4,1
HOXB7,1
HOXB8,1
HOXB9,1
HOXD9,1
HP,1
HPCA,1
HPGD,1
HPGDS,1
HPN,1
HPSE,1
HPX,1
HR,1
HRAS,1
HRES1,1
HRG,1
HRH1,1
HRH2,1
HRH3,1
HRH4,1
HRK,1
HSBP1,1
HSD11B1,1
HSD17B1,1
HSD17B12,1
HSD17B3,1
HSD17B6,1
HSD3B1,1
HSF1,1
HSF2,1
HSP90AA1,1
HSP90B1,1
HSPA1A,1
HSPA1B,1
HSPA1L,1
HSPA2,1
HSPA4,1
HSPA5,1
HSPA6,1
HSPA8,1
HSPA9,1
HSPB1,1
HSPB2,1
HSPB6,1
HSPB8,1
HSPBP1,1
HSPD1,1
HSPE1,1
HSPG2,1
HTATIP2,1
HTN3,1
HTR1A,1
HTR1E,1
HTR1F,1
HTR2A,1
HTR2B,1
HTR2C,1
HTR3A,1
HTR5A,1
HTR5BP,1
HTR7,1
HTRA2,1
HTT,1
HUNK,1
HUS1,1
HUWE1,1
HVCN1,1
HYAL2,1
HYOU1,1
IAPP,1
IBSP,1
IBTK,1
ICAM2,1
ICAM3,1
ICAM4,1
ICMT,1
ICOS,1
ID1,1
ID2,1
ID3,1
IDE,1
IDO1,1
IDS,1
IER3,1
IFI16,1
IFI27,1
IFI44,1
IFIH1,1
IFIT1,1
IFITM2,1
IFLNL2,1
IFNA1,1
IFNA10,1
IFNA13,1
IFNA14,1
IFNA16,1
IFNA17,1
IFNA21,1
IFNA4,1
IFNA5,1
IFNA6,1
IFNA7,1
IFNA8,1
IFNE,1
IFNK,1
IFNL1,1
IFNL2,1
IFNL3,1
IFNL4,1
IFNLR1,1
IFNW1,1
IFRD1,1
IFT172,1
IFT88,1
IFTAP,1
IGBP1,1
IGF1,1
IGF2,1
IGF2BP1,1
IGF2BP3,1
IGFBP1,1
IGFBP2,1
IGFBP3,1
IGFBP4,1
IGFBP5,1
IGFBP6,1
IGFL1,1
IGFL2,1
IGFL3,1
IGHE,1
IGHG1,1
IGKV1-17,1
IGKV1-6,1
IGLC1,1
IHH,1
IKBKB,1
IKBKE,1
IKBKG,1
IKZF1,1
IKZF2,1
IKZF3,1
IL10RA,1
IL12A,1
IL12RB1,1
IL12RB2,1
IL13,1
IL13RA1,1
IL13RA2,1
IL15RA,1
IL16,1
IL17A,1
IL17B,1
IL17C,1
IL17F,1
IL17R,1
IL17RD,1
IL18,1
IL18RAP,1
IL19,1
IL1A,1
IL1B,1
IL1F10,1
IL1R1,1
IL1RAP,1
IL1RL1,1
IL1RN,1
IL20,1
IL20RB,1
IL21R,1
IL22,1
IL22RA1,1
IL22RA2,1
IL24,1
IL25,1
IL26,1
IL27,1
IL27RA,1
IL31,1
IL31RA,1
IL32,1
IL33,1
IL34,1
IL36A,1
IL36B,1
IL36G,1
IL36RN,1
IL3RA,1
IL5RA,1
IL8,1
IL8RA,1
IL8RB,1
IL9R,1
ILF3,1
ILK,1
ILKAP,1
IMPACT,1
IMPDH2,1
INCENP,1
ING1,1
ING2,1
ING5,1
INHA,1
INHBA,1
INHBB,1
INHBC,1
INHBE,1
INPP4B,1
INPP5A,1
INPP5D,1
INPP5J,1
INPPL1,1
INS,1
INSIG1,1
INSL5,1
INSL6,1
INSR,1
INSRR,1
INTS12,1
INTS3,1
INTS6,1
INVS,1
IQGAP1,1
IQSEC1,1
IRAG1,1
IRAK1,1
IRAK1BP1,1
IRAK2,1
IRAK3,1
IRAK4,1
IRF1,1
IRF2,1
IRF2BP1,1
IRF2BP2,1
IRF3,1
IRF4,1
IRF5,1
IRF6,1
IRF7,1
IRF8,1
IRF9,1
IRS1,1
IRS2,1
ISG15,1
ISL1,1
ISM1,1
ISYNA1,1
ITCH,1
ITGA10,1
ITGA11,1
ITGA8,1
ITGAD,1
ITGAE,1
ITGAL,1
ITGAL_ITGB2L,1
ITGAM,1
ITGAX,1
ITGB1BP1,1
ITGB2,1
ITGB3BP,1
ITGB6,1
ITGB7,1
ITGB8,1
ITIH2,1
ITK,1
ITLN1,1
ITPR1,1
ITPR2,1
ITPR3,1
ITPRIPL1,1
ITSN1,1
ITSN2,1
IVNS1ABP,1
IZUMO1,1
JADE1,1
JAG1,1
JAG2,1
JAK2,1
JAK3,1
JAKMIP1,1
JARID2,1
JAZF1,1
JDP2,1
JMJD6,1
JMY,1
JPT2,1
JUN,1
JUNB,1
JUND,1
JUP,1
KAL1,1
KALRN,1
KANK2,1
KAT2A,1
KAT2B,1
KAT5,1
KAT6A,1
KAT6B,1
KAT7,1
KAT8,1
KCNA3,1
KCNE1,1
KCNE2,1
KCNE4,1
KCNG1,1
KCNH1,1
KCNIP3,1
KCNK3,1
KCNN1,1
KCNN3,1
KCNQ4,1
KDM1A,1
KDM1B,1
KDM2A,1
KDM2B,1
KDM3A,1
KDM3B,1
KDM4A,1
KDM4B,1
KDM4C,1
KDM4D,1
KDM5A,1
KDM5B,1
KDM5C,1
KDM5D,1
KDM6A,1
KDM6B,1
KDM7A,1
KEAP1,1
KHDRBS1,1
KHDRBS2,1
KHSRP,1
KIAA0468,1
KIDINS220,1
KIF13B,1
KIF15,1
KIF20A,1
KIF22,1
KIF23,1
KIF2C,1
KIF3A,1
KIF4A,1
KIF5B,1
KIF7,1
KIFAP3,1
KIR2DL1,1
KIR2DL2,1
KIR2DL3,1
KIR3DS1,1
KIRREL1,1
KISS1,1
KISS1R,1
KL,1
KLB,1
KLC2,1
KLF1,1
KLF10,1
KLF2,1
KLF4,1
KLF5,1
KLF6,1
KLF8,1
KLK1,1
KLK2,1
KLK3,1
KLK4,1
KLK6,1
KLK7,1
KLKB1,1
KLRB1,1
KLRC1,1
KLRC2,1
KLRC3,1
KLRC4,1
KLRD1,1
KLRF1,1
KLRG1,1
KMT2A,1
KMT2B,1
KMT2C,1
KMT2D,1
KMT2E,1
KMT5A,1
KMT5B,1
KMT5C,1
KNL1,1
KNSTRN,1
KPNA2,1
KPNA3,1
KPNA4,1
KPNA6,1
KPNB1,1
KRAS,1
KREMEN1,1
KREMEN2,1
KRIT1,1
KRT1,1
KRT14,1
KRT15,1
KRT18,1
KRT19,1
KRT5,1
KRTAP4-12,1
KSR1,1
KSR2,1
KTN1,1
LACRT,1
LAIR1,1
LAMA1,1
LAMA2,1
LAMA3,1
LAMA4,1
LAMA5,1
LAMB1,1
LAMB2,1
LAMB3,1
LAMB4,1
LAMC1,1
LAMC2,1
LAMC3,1
LAMTOR3,1
LAMTOR5,1
LARGE1,1
LARP4B,1
LASP1,1
LAT,1
LAT2,1
LATS1,1
LATS2,1
LBP,1
LBR,1
LCE1E,1
LCK,1
LCN1,1
LCP1,1
LCP2,1
LDB1,1
LDLRAP1,1
LEF1,1
LEFTY1,1
LEFTY2,1
LFNG,1
LGALS1,1
LGALS3BP,1
LGALS8,1
LGALS9,1
LGI1,1
LGI2,1
LGI3,1
LGI4,1
LGMN,1
LGR5,1
LHB,1
LHCGR,1
LHX1,1
LHX3,1
LHX9,1
LIAS,1
LIF,1
LIG1,1
LIG3,1
LILRA2,1
LILRB4,1
LIMK1,1
LIMK2,1
LIMS1,1
LIN7A,1
LIN7C,1
LINGO1,1
LIPA,1
LIPC,1
LIPE,1
LIPG,1
LIPH,1
LITAF,1
LLGL1,1
LMAN1,1
LMLN,1
LMNA,1
LMO1,1
LMO2,1
LMO3,1
LMO4,1
LMOD1,1
LMTK2,1
LMTK3,1
LOX,1
LOXHD1,1
LPAR1,1
LPAR2,1
LPAR3,1
LPAR4,1
LPAR5,1
LPAR6,1
LPCAT1,1
LPCAT4,1
LPIN2,1
LPO,1
LPP,1
LRBA,1
LRFN5,1
LRIF1,1
LRIG1,1
LRIG2,1
LRP1B,1
LRP2,1
LRP4,1
LRP5,1
LRP6,1
LRP8,1
LRPPRC,1
LRRC32,1
LRRFIP1,1
LRRFIP2,1
LRRK1,1
LRRK2,1
LSP1,1
LSR,1
LSS,1
LTA,1
LTA4H,1
LTB,1
LTB4R,1
LTB4R2,1
LTBP1,1
LTBP2,1
LTBP3,1
LTBR,1
LTC4S,1
LTK,1
LUM,1
LXN,1
LY6G5C,1
LY86,1
LY9,1
LY96,1
LYL1,1
LYN,1
LYPD3,1
LYPLA1,1
LYST,1
LYZ,1
MAB21L1,1
MACF1,1
MACROD1,1
MACROH2A1,1
MAD1L1,1
MAD2L1,1
MAD2L2,1
MADD,1
MAF,1
MAF1,1
MAFA,1
MAFB,1
MAFF,1
MAFG,1
MAG,1
MAGEC2,1
MAGED1,1
MAGEL2,1
MAGI2,1
MAGI3,1
MAK,1
MALT1,1
MAML1,1
MAML2,1
MAML3,1
MANF,1
MAP1A,1
MAP1B,1
MAP1LC3A,1
MAP1LC3B,1
MAP1LC3C,1
MAP1S,1
MAP2,1
MAP2K1,1
MAP2K2,1
MAP2K3,1
MAP2K4,1
MAP2K5,1
MAP2K6,1
MAP2K7,1
MAP3K1,1
MAP3K10,1
MAP3K11,1
MAP3K12,1
MAP3K13,1
MAP3K14,1
MAP3K15,1
MAP3K19,1
MAP3K2,1
MAP3K20,1
MAP3K21,1
MAP3K3,1
MAP3K4,1
MAP3K5,1
MAP3K6,1
MAP3K7,1
MAP3K8,1
MAP3K9,1
MAP4,1
MAP4K1,1
MAP4K2,1
MAP4K3,1
MAP4K4,1
MAP4K5,1
MAP6,1
MAP7,1
MAP7D3,1
MAP9,1
MAPK1,1
MAPK10,1
MAPK11,1
MAPK12,1
MAPK13,1
MAPK14,1
MAPK15,1
MAPK3,1
MAPK4,1
MAPK6,1
MAPK7,1
MAPK8,1
MAPK8IP1,1
MAPK8IP2,1
MAPK8IP3,1
MAPK9,1
MAPKAP1,1
MAPKAPK2,1
MAPKAPK3,1
MAPKAPK5,1
MAPRE1,1
MAPRE3,1
MAPT,1
MARCHF2,1
MARCHF5,1
MARCKS,1
MARCKSL1,1
MARK1,1
MARK2,1
MARK3,1
MARK4,1
MAS1,1
MASP1,1
MASP2,1
MAST1,1
MAST2,1
MAST3,1
MASTL,1
MAT1A,1
MATK,1
MAU2,1
MAVS,1
MAX,1
MAZ,1
MBD1,1
MBD2,1
MBD3,1
MBIP,1
MBP,1
MBTPS1,1
MBTPS2,1
MC1R,1
MC2R,1
MC3R,1
MC4R,1
MC5R,1
MCAT,1
MCC,1
MCF2,1
MCF2L,1
MCF2L2,1
MCHR1,1
MCHR2,1
MCL1,1
MCM10,1
MCM3,1
MCM3AP,1
MCM7,1
MCM9,1
MCOLN1,1
MCOLN2,1
MCOLN3,1
MCPH1,1
MDC1,1
MDFI,1
MDGA1,1
MDK,1
MDM2,1
MDM4,1
MECOM,1
MED1,1
MED12,1
MED13L,1
MED14,1
MED15,1
MEF2A,1
MEF2C,1
MEF2D,1
MEFV,1
MEGF10,1
MEGF8,1
MEIS1,1
MEIS2,1
MELK,1
MELTF,1
MEMO1,1
MEN1,1
MEOX2,1
MEPE,1
MFAP2,1
MFAP5,1
MFF,1
MFI2,1
MFN2,1
MFNG,1
MFSD11,1
MGAT5,1
MGMT,1
MGP,1
MIB1,1
MIB2,1
MIF,1
MINK1,1
MINPP1,1
MIR17HG,1
MIR22HG,1
MITF,1
MKNK1,1
MKNK2,1
MKRN1,1
MKS1,1
MLC1,1
MLF1,1
MLH1,1
MLLT4,1
MLNR,1
MLST8,1
MLXIPL,1
MME,1
MMP11,1
MMP12,1
MMP13,1
MMP17,1
MMP20,1
MMP24,1
MMP26,1
MMP3,1
MMP7,1
MMP8,1
MMRN2,1
MMS19,1
MN1,1
MNAT1,1
MNX1,1
MOAP1,1
MOB1A,1
MOB1B,1
MOB4,1
MOCOS,1
MON1B,1
MORC3,1
MORF4L1,1
MOS,1
MPEG1,1
MPG,1
MPL,1
MPO,1
MPP1,1
MPRIP,1
MPZL1,1
MRAS,1
MRC1,1
MRC2,1
MRE11,1
MRGPRX1,1
MRGPRX2,1
MRGPRX3,1
MRPS33,1
MRTFA,1
MRTFB,1
MS4A2,1
MSC,1
MSH2,1
MSH6,1
MSI1,1
MSL2,1
MSLN,1
MSMP,1
MSN,1
MST1,1
MST1R,1
MSTN,1
MSX1,1
MSX2,1
MT-ND1,1
MT-ND6,1
MT3,1
MTA1,1
MTA2,1
MTA3,1
MTBP,1
MTCH2,1
MTCP1,1
MTDH,1
MTG1,1
MTMR2,1
MTMR3,1
MTMR4,1
MTMR6,1
MTNR1B,1
MTOR,1
MTR,1
MTSS1,1
MTTP,1
MTX1,1
MUC1,1
MUC13,1
MUC2,1
MUC20,1
MUC4,1
MUC5AC,1
MUC7,1
MUL1,1
MUTYH,1
MX1,1
MX2,1
MXD1,1
MXI1,1
MYB,1
MYBL1,1
MYBL2,1
MYC,1
MYCBP,1
MYCBP2,1
MYCN,1
MYD88,1
MYDGF,1
MYEF2,1
MYF5,1
MYH11,1
MYL1,1
MYL10,1
MYL11,1
MYL12A,1
MYL12B,1
MYL2,1
MYL4,1
MYL5,1
MYL7,1
MYL9,1
MYLK,1
MYLK2,1
MYLK3,1
MYO15A,1
MYO1C,1
MYO3A,1
MYO6,1
MYO7A,1
MYO9A,1
MYO9B,1
MYOC,1
MYOCD,1
MYOD1,1
MYOM2,1
MYRIP,1
MYSM1,1
MYT1,1
MYT1L,1
MZF1,1
N4BP1,1
NAA10,1
NAB1,1
NAB2,1
NACC1,1
NAIP,1
NAMPT,1
NANOG,1
NANOS1,1
NAP1L1,1
NBL1,1
NBN,1
NBR1,1
NCAN,1
NCBP1,1
NCF1,1
NCF1C,1
NCF2,1
NCF4,1
NCK1,1
NCK2,1
NCKAP1,1
NCKAP1L,1
NCL,1
NCOA1,1
NCOA2,1
NCOA3,1
NCOA4,1
NCOA6,1
NCOA7,1
NCOR2,1
NCR3LG1,1
NCS1,1
NDFIP1,1
NDFIP2,1
NDN,1
NDOR1,1
NDP,1
NDRG1,1
NDRG2,1
NDUFA9,1
NDUFB6,1
NDUFB9,1
NDUFS2,1
NEB,1
NECTIN3,1
NECTIN4,1
NEDD4,1
NEDD4L,1
NEDD8,1
NEDD9,1
NEFH,1
NEK1,1
NEK10,1
NEK11,1
NEK2,1
NEK3,1
NEK4,1
NEK6,1
NEK7,1
NEK8,1
NEK9,1
NELFB,1
NELFCD,1
NELFE,1
NELL2,1
NENF,1
NEO1,1
NET1,1
NEURL1,1
NEUROD1,1
NF1,1
NF2,1
NFAM1,1
NFASC,1
NFAT5,1
NFATC1,1
NFATC2,1
NFATC3,1
NFATC4,1
NFE2,1
NFE2L1,1
NFE2L2,1
NFIA,1
NFIB,1
NFIC,1
NFIL3,1
NFIX,1
NFKB1,1
NFKB2,1
NFKBIA,1
NFKBIB,1
NFKBIE,1
NFKBIZ,1
NFX1,1
NFYA,1
NFYB,1
NFYC,1
NGEF,1
NGF,1
NHEJ1,1
NHERF1,1
NHERF2,1
NHERF4,1
NHLRC1,1
NHP2,1
NHS,1
NID1,1
NID2,1
NIM1K,1
NIN,1
NINL,1
NIPSNAP1,1
NISCH,1
NKD1,1
NKD2,1
NKIRAS1,1
NKIRAS2,1
NKRF,1
NKX2-1,1
NKX2-2,1
NKX2-5,1
NKX3-1,1
NLGN1,1
NLGN2,1
NLK,1
NLRC4,1
NLRP1,1
NLRP2,1
NLRP3,1
NLRP6,1
NLRX1,1
NMBR,1
NME1,1
NME2,1
NMI,1
NMNAT1,1
NMS,1
NMT1,1
NMUR1,1
NMUR2,1
NOC2L,1
NOD1,1
NOD2,1
NODAL,1
NOG,1
NOL3,1
NOLC1,1
NONO,1
NOP2,1
NOP53,1
NOS1,1
NOS2,1
NOS3,1
NOTCH1,1
NOTCH2,1
NOTCH3,1
NOTUM,1
NOV,1
NOX1,1
NOX3,1
NOX4,1
NOXA1,1
NPAS2,1
NPAT,1
NPBWR1,1
NPBWR2,1
NPFF,1
NPFFR1,1
NPFFR2,1
NPHS1,1
NPHS2,1
NPLOC4,1
NPM1,1
NPNT,1
NPR1,1
NPR2,1
NPS,1
NPSR1,1
NPTX1,1
NPTX2,1
NPW,1
NPY1R,1
NPY2R,1
NPY4R,1
NPY5R,1
NPY6R,1
NQO1,1
NR0B1,1
NR1D1,1
NR1D2,1
NR1H2,1
NR1H3,1
NR1H4,1
NR1I2,1
NR1I3,1
NR2C1,1
NR2C2,1
NR2C2AP,1
NR2E3,1
NR2F1,1
NR2F2,1
NR2F6,1
NR3C1,1
NR3C2,1
NR4A1,1
NR4A2,1
NR4A3,1
NR5A1,1
NR5A2,1
NRAS,1
NRBF2,1
NRBP1,1
NRBP2,1
NRDC,1
NRF1,1
NRG3,1
NRG4,1
NRIP1,1
NRK,1
NRTN,1
NSA2,1
NSD1,1
NSD2,1
NSD3,1
NSMAF,1
NSMCE2,1
NSMF,1
NTF3,1
NTF4,1
NTN3,1
NTN4,1
NTNG2,1
NTRK2,1
NTS,1
NTSR1,1
NTSR2,1
NUAK1,1
NUAK2,1
NUCB1,1
NUCB2,1
NUDC,1
NUDCD2,1
NUDT21,1
NUDT3,1
NUDT6,1
NUMA1,1
NUMB,1
NUMBL,1
NUP153,1
NUP155,1
NUP188,1
NUP205,1
NUP210,1
NUP214,1
NUP35,1
NUP42,1
NUP43,1
NUP50,1
NUP62,1
NUP85,1
NUP88,1
NUP93,1
NUP98,1
NUPR1,1
NUS1,1
NUTF2,1
NXNL1,1
NXPH1,1
NXPH2,1
NXPH3,1
NYX,1
OAZ1,1
OBP2A,1
OBSCN,1
OCM,1
ODC1,1
OFD1,1
OGA,1
OGG1,1
OGN,1
OGT,1
OIP5,1
OLAH,1
OLFM2,1
OLIG2,1
OLR1,1
OMD,1
OMG,1
ONECUT1,1
OPA1,1
OPHN1,1
OPRD1,1
OPRK1,1
OPTN,1
OR10A4,1
ORAI1,1
ORC1,1
ORM1,1
OS9,1
OSBP,1
OSBPL8,1
OSGIN1,1
OSM,1
OSR1,1
OSTF1,1
OSTN,1
OTUB1,1
OTUD5,1
OXA1L,1
OXGR1,1
OXSR1,1
OXTR,1
P2RX7,1
P2RY1,1
P2RY10,1
P2RY11,1
P2RY12,1
P2RY13,1
P2RY14,1
P2RY2,1
P2RY4,1
P2RY6,1
P4HB,1
PAAF1,1
PABPC1,1
PABPN1,1
PACSIN3,1
PADI4,1
PAEP,1
PAF1,1
PAFAH1B1,1
PAG1,1
PAIP2,1
PAK1,1
PAK1IP1,1
PAK2,1
PAK3,1
PAK4,1
PAK5,1
PAK6,1
PALB2,1
PAN2,1
PAN3,1
PAOX,1
PAPPA,1
PAPPA2,1
PAQR3,1
PAQR4,1
PAQR5,1
PAQR6,1
PAQR7 ,1
PAQR8,1
PAQR9,1
PARD6A,1
PARD6B,1
PARD6G,1
PARK7,1
PARN,1
PARP1,1
PARP10,1
PARP14,1
PARP3,1
PARP9,1
PARVA,1
PARVG,1
PASK,1
PATJ,1
PATZ1,1
PAWR,1
PAX2,1
PAX3,1
PAX5,1
PAX6,1
PAX7,1
PAX8,1
PAXIP1,1
PBK,1
PBX1,1
PC,1
PCBD1,1
PCBP2,1
PCDH1,1
PCDH10,1
PCDH15,1
PCDH20,1
PCDH7,1
PCDH8,1
PCDH9,1
PCDHA12,1
PCDHA13,1
PCDHA4,1
PCDHA6,1
PCDHA7,1
PCDHB15,1
PCDHB16,1
PCDHB8,1
PCDHGA11,1
PCDHGA7,1
PCDHGB1,1
PCDHGC3,1
PCF11,1
PCGF2,1
PCIF1,1
PCK1,1
PCLAF,1
PCM1,1
PCMT1,1
PCNA,1
PCNT,1
PCOLCE,1
PCSK1,1
PCSK1N,1
PCSK2,1
PCSK4,1
PCSK5,1
PCSK6,1
PCSK7,1
PCTP,1
PCYT1A,1
PCYT1B,1
PDAP1,1
PDC,1
PDCD1LG2,1
PDCD4,1
PDCD5,1
PDCD6IP,1
PDE2A,1
PDE3A,1
PDE3B,1
PDE4A,1
PDE4B,1
PDE4C,1
PDE4D,1
PDE4DIP,1
PDE5A,1
PDE6A,1
PDE6B,1
PDE6C,1
PDE6D,1
PDE6G,1
PDE6H,1
PDGFA,1
PDGFB,1
PDGFC,1
PDGFD,1
PDHX,1
PDIA2,1
PDIA3,1
PDIA4,1
PDIA5,1
PDIA6,1
PDIK1L,1
PDK1,1
PDK2,1
PDK3,1
PDK4,1
PDP1,1
PDP2,1
PDPK1,1
PDPK2P,1
PDPN,1
PDX1,1
PDXP,1
PDZK1,1
PEA15,1
PEAK1,1
PEBP1,1
PECAM1,1
PEG3,1
PELI1,1
PELI2,1
PELI3,1
PELP1,1
PER1,1
PER2,1
PER3,1
PEX10,1
PEX14,1
PEX2,1
PF4,1
PF4V1,1
PFDN4,1
PFKFB4,1
PFN1,1
PFN3,1
PGAM1,1
PGAM5,1
PGD,1
PGF,1
PGK1,1
PGLYRP1,1
PGP,1
PGR,1
PGRMC1,1
PHACTR1,1
PHB1,1
PHB2,1
PHF1,1
PHF2,1
PHF21A,1
PHF6,1
PHF8,1
PHGDH,1
PHKA1,1
PHKA2,1
PHKB,1
PHKG1,1
PHKG2,1
PHLDB1,1
PHLPP1,1
PHLPP2,1
PHOX2B,1
PHPT1,1
PI4K2A,1
PI4KA,1
PIAS1,1
PIAS2,1
PIAS3,1
PIAS4,1
PIBF1,1
PICALM,1
PICK1,1
PIDD1,1
PIF1,1
PIGA,1
PIGF,1
PIK3AP1,1
PIK3C2A,1
PIK3C2B,1
PIK3C2G,1
PIK3C3,1
PIK3CB,1
PIK3CD,1
PIK3CD-AS1,1
PIK3CG,1
PIK3IP1,1
PIK3R2,1
PIK3R3,1
PIK3R4,1
PIK3R5,1
PIK3R6,1
PIKFYVE,1
PIM1,1
PIM2,1
PIM3,1
PIMREG,1
PIN1,1
PINK1,1
PIP,1
PIP4K2A,1
PIP4K2B,1
PIP4K2C,1
PIP5K1A,1
PIP5K1B,1
PIP5K1C,1
PIRT,1
PITRM1,1
PITX2,1
PITX3,1
PIWIL1,1
PJA1,1
PKD1,1
PKD1L3,1
PKD2,1
PKDCC,1
PKHD1,1
PKIA,1
PKM,1
PKMYT1,1
PKN1,1
PKN2,1
PKN3,1
PKNOX1,1
PLA2G10,1
PLA2G1B,1
PLA2G4A,1
PLA2G6,1
PLAA,1
PLAAT4,1
PLAGL1,1
PLAGL2,1
PLAT,1
PLAU,1
PLAUR,1
PLB1,1
PLCB1,1
PLCB2,1
PLCB3,1
PLCB4,1
PLCE1,1
PLCG1,1
PLCG2,1
PLD1,1
PLD2,1
PLEKHG1,1
PLEKHG3,1
PLEKHG4,1
PLEKHG4B,1
PLEKHG5,1
PLEKHG6,1
PLEKHM1,1
PLEKHO1,1
PLEKHO2,1
PLK1,1
PLK2,1
PLK3,1
PLK4,1
PLN,1
PLOD1,1
PLP1,1
PLPP2,1
PLPP3,1
PLPP5,1
PLPPR4,1
PLRG1,1
PLSCR1,1
PLTP,1
PLVAP,1
PLXNA2,1
PLXNA4,1
PLXNB2,1
PLXNC1,1
PLXND1,1
PMAIP1,1
PMCH,1
PMEL,1
PMEPA1,1
PML,1
PMP2,1
PMP22,1
PMS2,1
PNCK,1
PNMT,1
PNP,1
PNPLA2,1
PNRC1,1
PODXL,1
PODXL2,1
POFUT1,1
POGLUT1,1
POLA1,1
POLA2,1
POLD1,1
POLD2,1
POLD3,1
POLD4,1
POLDIP3,1
POLE,1
POLE2,1
POLG,1
POLH,1
POLR1H,1
POLR2A,1
POLR2B,1
POLR2C,1
POLR2D,1
POLR2E,1
POLR2F,1
POLR2G,1
POLR2H,1
POLR2I,1
POLR2J,1
POLR2K,1
POLR2L,1
POM121,1
POMP,1
PON1,1
PON2,1
POP1,1
PORCN,1
POSTN,1
POT1,1
POU1F1,1
POU2AF1,1
POU2F1,1
POU2F2,1
POU3F2,1
POU4F1,1
POU4F2,1
POU4F3,1
POU5F1,1
PPA1,1
PPARA,1
PPARD,1
PPARG,1
PPARGC1A,1
PPBP,1
PPEF1,1
PPHLN1,1
PPIA,1
PPIB,1
PPID,1
PPM1A,1
PPM1B,1
PPM1D,1
PPM1E,1
PPM1F,1
PPM1G,1
PPM1H,1
PPM1K,1
PPM1L,1
PPM1M,1
PPP1CA,1
PPP1CB,1
PPP1CC,1
PPP1R10,1
PPP1R12A,1
PPP1R12B,1
PPP1R13B,1
PPP1R13L,1
PPP1R14A,1
PPP1R15A,1
PPP1R17,1
PPP1R1A,1
PPP1R1B,1
PPP1R2,1
PPP1R3A,1
PPP1R3B,1
PPP1R3C,1
PPP1R3D,1
PPP1R8,1
PPP1R9B,1
PPP2CA,1
PPP2CB,1
PPP2R1A,1
PPP2R1B,1
PPP2R2A,1
PPP2R2C,1
PPP2R2D,1
PPP2R3A,1
PPP2R3B,1
PPP2R5A,1
PPP2R5B,1
PPP2R5C,1
PPP2R5D,1
PPP2R5E,1
PPP3CA,1
PPP3CB,1
PPP3CC,1
PPP3R1,1
PPP3R2,1
PPP4C,1
PPP4R3A,1
PPP5C,1
PPP6C,1
PPRC1,1
PRAG1,1
PRAM1,1
PRC1,1
PRCC,1
PRCP,1
PRDM1,1
PRDM16,1
PRDM2,1
PRDX1,1
PRDX2,1
PRDX3,1
PREB,1
PREP,1
PREX1,1
PREX2,1
PRF1,1
PRG2,1
PRG4,1
PRIM1,1
PRIM2,1
PRIMA1,1
PRKAA1,1
PRKAA2,1
PRKAB1,1
PRKAB2,1
PRKACA,1
PRKACB,1
PRKACG,1
PRKAG1,1
PRKAG2,1
PRKAG3,1
PRKAR1A,1
PRKAR1B,1
PRKAR2A,1
PRKAR2B,1
PRKCA,1
PRKCB,1
PRKCD,1
PRKCE,1
PRKCG,1
PRKCH,1
PRKCI,1
PRKCQ,1
PRKCSH,1
PRKCZ,1
PRKD1,1
PRKD2,1
PRKD3,1
PRKDC,1
PRKG1,1
PRKG2,1
PRKN,1
PRKRA,1
PRKX,1
PRKY,1
PRL,1
PRLHR,1
PRMT1,1
PRMT2,1
PRMT5,1
PRMT6,1
PRMT8,1
PRND,1
PROC,1
PROK2,1
PROKR1,1
PROKR2,1
PROP1,1
PROS1,1
PROX1,1
PRPF19,1
PRPF4,1
PRPF4B,1
PRR5,1
PRRT2,1
PRRX1,1
PRSS1,1
PRSS2,1
PRSS21,1
PRSS23,1
PRSS3,1
PRTN3,1
PRXL2B,1
PSAP,1
PSD,1
PSD3,1
PSEN1,1
PSEN2,1
PSENEN,1
PSIP1,1
PSKH1,1
PSMA1,1
PSMA2,1
PSMA3,1
PSMA4,1
PSMA5,1
PSMA6,1
PSMA7,1
PSMA8,1
PSMB1,1
PSMB10,1
PSMB11,1
PSMB2,1
PSMB3,1
PSMB4,1
PSMB5,1
PSMB6,1
PSMB7,1
PSMB8,1
PSMB9,1
PSMC1,1
PSMC2,1
PSMC3,1
PSMC4,1
PSMC5,1
PSMC6,1
PSMD1,1
PSMD10,1
PSMD11,1
PSMD12,1
PSMD13,1
PSMD14,1
PSMD2,1
PSMD3,1
PSMD4,1
PSMD5,1
PSMD6,1
PSMD7,1
PSMD8,1
PSMD9,1
PSME1,1
PSME2,1
PSME3,1
PSME4,1
PSMF1,1
PSPN,1
PSTPIP1,1
PTBP1,1
PTCD1,1
PTCH2,1
PTCRA,1
PTDSS1,1
PTEN,1
PTGDR,1
PTGDR2,1
PTGDS,1
PTGER1,1
PTGER2,1
PTGER3,1
PTGER4,1
PTGES,1
PTGES2,1
PTGES3,1
PTGFR,1
PTGIS,1
PTGR1,1
PTGS1,1
PTGS2,1
PTH,1
PTH1R,1
PTH2,1
PTH2R,1
PTK2,1
PTK2B,1
PTK6,1
PTMA,1
PTN,1
PTP4A1,1
PTP4A2,1
PTP4A3,1
PTPA,1
PTPN1,1
PTPN11,1
PTPN12,1
PTPN13,1
PTPN14,1
PTPN18,1
PTPN2,1
PTPN21,1
PTPN22,1
PTPN23,1
PTPN3,1
PTPN4,1
PTPN5,1
PTPN6,1
PTPN7,1
PTPN9,1
PTPRA,1
PTPRB,1
PTPRE,1
PTPRH,1
PTPRJ,1
PTPRK,1
PTPRR,1
PTPRU,1
PTRH1,1
PTS,1
PTTG1,1
PTTG1IP,1
PTTG2,1
PTX3,1
PUF60,1
PURA,1
PXK,1
PXN,1
PYCARD,1
PYDC1,1
PYDC2,1
PYGB,1
PYGO1,1
PYY,1
PYY2,1
PZP,1
QDPR,1
QRFP,1
QRFPR,1
RAB11A,1
RAB23,1
RAB29,1
RAB2A,1
RAB33B,1
RAB3A,1
RAB3GAP2,1
RAB3IP,1
RAB5A,1
RAB6A,1
RAB7A,1
RAB8A,1
RABAC1,1
RABEP1,1
RABEP2,1
RABGEF1,1
RABGGTB,1
RAC1,1
RAC2,1
RAC3,1
RACGAP1,1
RACK1,1
RAD1,1
RAD17,1
RAD18,1
RAD21,1
RAD23A,1
RAD23B,1
RAD50,1
RAD51,1
RAD52,1
RAD54L,1
RAD9A,1
RAE1,1
RAET1A,1
RAET1E,1
RAET1G,1
RAET1L,1
RAF1,1
RAG1,1
RAG2,1
RALA,1
RALB,1
RALBP1,1
RALGDS,1
RAN,1
RANBP1,1
RANBP10,1
RANBP17,1
RANBP2,1
RANBP3,1
RANBP9,1
RANGAP1,1
RAP1A,1
RAP1B,1
RAP1GAP,1
RAP1GDS1,1
RAP2A,1
RAP2B,1
RAPGEF1,1
RAPGEF2,1
RAPGEF3,1
RAPGEF4,1
RAPGEF5,1
RAPGEF6,1
RARA,1
RARB,1
RARG,1
RASA1,1
RASA2,1
RASA4,1
RASAL1,1
RASD1,1
RASGEF1A,1
RASGEF1B,1
RASGEF1C,1
RASGRF1,1
RASGRF2,1
RASGRP1,1
RASGRP2,1
RASGRP3,1
RASGRP4,1
RASSF1,1
RASSF3,1
RASSF4,1
RASSF5,1
RASSF6,1
RB1,1
RB1CC1,1
RBBP4,1
RBBP7,1
RBBP8,1
RBCK1,1
RBFOX2,1
RBL1,1
RBL2,1
RBM15,1
RBM39,1
RBP1,1
RBP2,1
RBP3,1
RBP4,1
RBPJ,1
RBPJL,1
RBSN,1
RBX1,1
RCAN1,1
RCC1,1
RCHY1,1
RCOR1,1
RCVRN,1
RDX,1
RECQL,1
RECQL4,1
RECQL5,1
REEP5,1
REG1A,1
REG4,1
REL,1
RELA,1
RELN,1
REN,1
RENBP,1
REPS2,1
RERE,1
REST,1
RETN,1
REV1,1
RFFL,1
RFK,1
RFNG,1
RFX1,1
RFX5,1
RGCC,1
RGL2,1
RGMA,1
RGMB,1
RGN,1
RGS1,1
RGS13,1
RGS16,1
RGS2,1
RGS3,1
RGS4,1
RGS6,1
RGS9,1
RGS9BP,1
RHAG,1
RHEB,1
RHEBL1,1
RHO,1
RHOA,1
RHOB,1
RHOC,1
RHOD,1
RHOF,1
RHOG,1
RHOH,1
RHOQ,1
RHOU,1
RICTOR,1
RIGI,1
RILPL2,1
RIMS1,1
RIMS2,1
RIN1,1
RIN2,1
RING1,1
RIOK1,1
RIOK3,1
RIOX1,1
RIPK1,1
RIPK2,1
RIPK3,1
RIPK4,1
RIT1,1
RIT2,1
RITA1,1
RLF,1
RLIM,1
RLN1,1
RLN3,1
RMI1,1
RNASE1,1
RNASE2,1
RNASE3,1
RNASEL,1
RNASET2,1
RND1,1
RND3,1
RNF11,1
RNF111,1
RNF125,1
RNF128,1
RNF135,1
RNF14,1
RNF146,1
RNF168,1
RNF2,1
RNF20,1
RNF24,1
RNF31,1
RNF4,1
RNF40,1
RNF41,1
RNF43,1
RNF8,1
RNPS1,1
ROBO1,1
ROBO2,1
ROCK1,1
ROCK2,1
ROR1,1
RORA,1
RORB,1
RORC,1
ROS1,1
RPA1,1
RPA2,1
RPA3,1
RPA4,1
RPAP2,1
RPGR,1
RPGRIP1,1
RPGRIP1L,1
RPH3A,1
RPL10,1
RPL11,1
RPL13,1
RPL22,1
RPL23,1
RPL41,1
RPL5,1
RPLP0,1
RPLP1,1
RPN1,1
RPS19,1
RPS19BP1,1
RPS27A,1
RPS4X,1
RPS6,1
RPS6KA1,1
RPS6KA2,1
RPS6KA3,1
RPS6KA4,1
RPS6KA5,1
RPS6KA6,1
RPS6KB1,1
RPS6KB2,1
RPS6KC1,1
RPS6KL1,1
RPSA,1
RPTOR,1
RRAGA,1
RRAGB,1
RRAGC,1
RRAGD,1
RRAS,1
RRAS2,1
RREB1,1
RRM1,1
RRM2,1
RRM2B,1
RSAD2,1
RSF1,1
RSKR,1
RSL1D1,1
RTCA,1
RTKN,1
RTN3,1
RTN4,1
RUBCN,1
RUNX1,1
RUNX1T1,1
RUNX2,1
RUNX3,1
RUVBL1,1
RUVBL2,1
RWDD3,1
RXFP1,1
RXFP2,1
RXFP3,1
RXFP4,1
RXRA,1
RXRB,1
RXRG,1
RYBP,1
RYK,1
S100A1,1
S100A12,1
S100A2,1
S100A6,1
S100A8,1
S100A9,1
S100B,1
S100P,1
S1PR2,1
S1PR4,1
S1PR5,1
SAE1,1
SAFB,1
SAG,1
SALL1,1
SALL3,1
SALL4,1
SAMHD1,1
SAP18,1
SAP30,1
SAR1A,1
SAR1B,1
SARM1,1
SARS1,1
SATB1,1
SATB2,1
SAV1,1
SBDS,1
SCAF11,1
SCAI,1
SCAMP2,1
SCAMP3,1
SCAP,1
SCARA3,1
SCARB1,1
SCG2,1
SCGB1A1,1
SCGB3A1,1
SCGB3A2,1
SCN8A,1
SCO2,1
SCT,1
SCTR,1
SCYL1,1
SCYL2,1
SCYL3,1
SDC1,1
SDC2,1
SDC3,1
SDC4,1
SDCBP,1
SDF2,1
SDF2L1,1
SDHAF1,1
SDHAF2,1
SDHC,1
SDHD,1
SDK1,1
SDS,1
SEC11A,1
SEC11C,1
SEC23A,1
SEC63,1
SECTM1,1
SEH1L,1
SELENOW,1
SELP,1
SELPLG,1
SEM1,1
SEMA3A,1
SEMA3B,1
SEMA3C,1
SEMA3D,1
SEMA3F,1
SEMA4A,1
SEMA4D,1
SEMA5B,1
SEMA6A,1
SEMA6B,1
SENP1,1
SENP2,1
SENP3,1
SENP5,1
SENP6,1
SENP8,1
SEPTIN12,1
SEPTIN4,1
SEPTIN7,1
SEPTIN9,1
SERPINA1,1
SERPINA2,1
SERPINA3,1
SERPINA4,1
SERPINA5,1
SERPINA7,1
SERPINB1,1
SERPINB2,1
SERPINB5,1
SERPINB8,1
SERPINB9,1
SERPINC1,1
SERPIND1,1
SERPINE1,1
SERPINE2,1
SERPINF1,1
SERPINF2,1
SERPING1,1
SERPINH1,1
SERTAD1,1
SESN2,1
SESTD1,1
SET,1
SETBP1,1
SETD1A,1
SETD1B,1
SETD2,1
SETD7,1
SETDB1,1
SETDB2,1
SF1,1
SFN,1
SFPQ,1
SFRP1,1
SFRP4,1
SFTPA1,1
SFTPA2,1
SFTPC,1
SFTPD,1
SGCB,1
SGK1,1
SGK2,1
SGK3,1
SGPL1,1
SH2B1,1
SH2B2,1
SH2D1A,1
SH2D2A,1
SH3BP1,1
SH3BP2,1
SH3BP4,1
SH3BP5,1
SH3GL2,1
SH3GLB1,1
SH3GLB2,1
SH3KBP1,1
SH3PXD2A,1
SH3RF1,1
SH3RF3,1
SHANK1,1
SHB,1
SHBG,1
SHC1,1
SHC2,1
SHC3,1
SHC4,1
SHH,1
SHMT1,1
SHMT2,1
SHOC2,1
SHPRH,1
SIAH1,1
SIAH2,1
SIGIRR,1
SIK1,1
SIK2,1
SIK3,1
SIKE1,1
SIN3A,1
SIN3B,1
SIPA1,1
SIRPB2,1
SIRPG,1
SIRT1,1
SIRT2,1
SIRT3,1
SIRT6,1
SIRT7,1
SIVA1,1
SIX1,1
SIX3,1
SKAP1,1
SKAP2,1
SKI,1
SKIL,1
SKOR1,1
SKP1,1
SKP2,1
SLA,1
SLAMF1,1
SLAMF7,1
SLC10A2,1
SLC10A4,1
SLC12A3,1
SLC17A5,1
SLC17A6,1
SLC17A7,1
SLC17A8,1
SLC18A1,1
SLC18A2,1
SLC18A3,1
SLC19A2,1
SLC1A1,1
SLC1A2,1
SLC1A3,1
SLC1A6,1
SLC1A7,1
SLC25A22,1
SLC25A31,1
SLC25A4,1
SLC25A5,1
SLC25A6,1
SLC26A4,1
SLC29A1,1
SLC29A2,1
SLC29A3,1
SLC29A4,1
SLC2A1,1
SLC2A4,1
SLC2A4RG,1
SLC30A7,1
SLC30A9,1
SLC32A1,1
SLC38A3,1
SLC38A9,1
SLC39A7,1
SLC3A2,1
SLC4A1,1
SLC50A1,1
SLC52A1,1
SLC52A2,1
SLC5A7,1
SLC6A1,1
SLC6A11,1
SLC6A12,1
SLC6A13,1
SLC6A2,1
SLC6A3,1
SLC6A4,1
SLC6A5,1
SLC6A6,1
SLC6A9,1
SLC7A5,1
SLC7A6,1
SLC9A1,1
SLCO6A1,1
SLIT1,1
SLIT3,1
SLITRK2,1
SLITRK3,1
SLITRK5,1
SLITRK6,1
SLK,1
SLPI,1
SLURP1,1
SLURP2,1
SLX4,1
SMAD1,1
SMAD2,1
SMAD3,1
SMAD4,1
SMAD5,1
SMAD6,1
SMAD7,1
SMAD9,1
SMARCA2,1
SMARCA4,1
SMARCAD1,1
SMARCAL1,1
SMARCB1,1
SMARCC1,1
SMARCC2,1
SMARCD1,1
SMARCE1,1
SMC3,1
SMCR8,1
SMG1,1
SMG7,1
SMG9,1
SMO,1
SMPD1,1
SMPD2,1
SMURF1,1
SMURF2,1
SMYD2,1
SMYD3,1
SNAI1,1
SNAI2,1
SNAI3,1
SNAP25,1
SNAPIN,1
SNCA,1
SNCB,1
SNCG,1
SND1,1
SNF8,1
SNIP1,1
SNPH,1
SNRK,1
SNRNP200,1
SNRPC,1
SNRPE,1
SNTA1,1
SNTB2,1
SNTG1,1
SNTG2,1
SNW1,1
SNX1,1
SNX6,1
SNX9,1
SOAT1,1
SOCS1,1
SOCS2,1
SOCS3,1
SOCS4,1
SOCS5,1
SOCS6,1
SOCS7,1
SOD1,1
SOD2,1
SOD3,1
SORBS1,1
SORBS2,1
SORBS3,1
SORT1,1
SOS1,1
SOS2,1
SOST,1
SOSTDC1,1
SOX17,1
SOX2,1
SOX3,1
SOX4,1
SOX5,1
SOX6,1
SOX9,1
SP1,1
SP100,1
SP2,1
SP3,1
SP4,1
SP7,1
SPAG5,1
SPAG9,1
SPATA13,1
SPCS1,1
SPCS2,1
SPCS3,1
SPDEF,1
SPDYA,1
SPDYC,1
SPEN,1
SPG7,1
SPHK1,1
SPHK2,1
SPHKAP,1
SPI1,1
SPINK1,1
SPINK9,1
SPINT1,1
SPN,1
SPNS1,1
SPON1,1
SPON2,1
SPOP,1
SPP1,1
SPRED1,1
SPRY1,1
SPRY2,1
SPRY3,1
SPRY4,1
SPSB1,1
SPTAN1,1
SPTBN2,1
SPTLC1,1
SQSTM1,1
SRA1,1
SRC,1
SRCAP,1
SRD5A1,1
SRD5A2,1
SRD5A3,1
SREBF1,1
SREBF2,1
SREK1,1
SRF,1
SRGAP1,1
SRGAP2,1
SRGAP3,1
SRI,1
SRL,1
SRM,1
SRMS,1
SRP19,1
SRP54,1
SRP68,1
SRP72,1
SRPK1,1
SRPK2,1
SRPK3,1
SRPRA,1
SRPRB,1
SRSF1,1
SRSF2,1
SRSF3,1
SRSF7,1
SRXN1,1
SRY,1
SS18L1,1
SSB,1
SSBP1,1
SSH1,1
SSH2,1
SSH3,1
SSRP1,1
SSTR1,1
SSTR2,1
SSTR3,1
SSTR4,1
SSTR5,1
SSU72,1
SSX1,1
ST3GAL4,1
ST6GAL1,1
ST8SIA4,1
STAM,1
STAM2,1
STAMBP,1
STAMBPL1,1
STAP2,1
STARD13,1
STARD8,1
STAT1,1
STAT2,1
STAT3,1
STAT4,1
STAT5A,1
STAT5B,1
STAT6,1
STAU1,1
STC1,1
STEAP1,1
STEAP3,1
STIL,1
STIM1,1
STIM2,1
STING1,1
STK10,1
STK11,1
STK16,1
STK17A,1
STK17B,1
STK19,1
STK24,1
STK25,1
STK26,1
STK3,1
STK33,1
STK35,1
STK36,1
STK38,1
STK38L,1
STK39,1
STK4,1
STK40,1
STMN1,1
STOML2,1
STRADA,1
STRADB,1
STRAP,1
STRIP1,1
STRN,1
STS,1
STX1A,1
STX3,1
STX5,1
STXBP1,1
STXBP4,1
STXBP6,1
STYK1,1
STYX,1
SUCLA2,1
SUCNR1,1
SUFU,1
SUGT1,1
SULT1A1,1
SULT1B1,1
SULT1E1,1
SULT2A1,1
SUMF1,1
SUMO1,1
SUMO2,1
SUMO3,1
SUPT20H,1
SUPT3H,1
SUPT7L,1
SUPV3L1,1
SUV39H1,1
SUV39H2,1
SUZ12,1
SV2A,1
SVIL,1
SYDE2,1
SYK,1
SYMPK,1
SYN1,1
SYNGAP1,1
SYNJ2BP,1
SYT4,1
SYTL3,1
SYVN1,1
TAAR1,1
TAB1,1
TAB2,1
TAB3,1
TAC4,1
TACC2,1
TACR1,1
TACR2,1
TACR3,1
TADA2B,1
TADA3,1
TAF1,1
TAF10,1
TAF12,1
TAF1L,1
TAF7,1
TAF9,1
TAFA1,1
TAFA4,1
TAFA5,1
TAGAP,1
TAGLN,1
TAL1,1
TALDO1,1
TAMALIN,1
TANK,1
TAOK1,1
TAOK2,1
TAOK3,1
TAP1,1
TAP2,1
TAPBP,1
TARBP2,1
TARDBP,1
TAS2R38,1
TASP1,1
TAT,1
TAX1BP1,1
TAX1BP3,1
TBC1D15,1
TBC1D20,1
TBC1D4,1
TBC1D7,1
TBCA,1
TBCEL,1
TBK1,1
TBKBP1,1
TBL1X,1
TBL1XR1,1
TBL1Y,1
TBP,1
TBX2,1
TBX21,1
TBX3,1
TBXA2R,1
TBXAS1,1
TCAP,1
TCEA1,1
TCF3,1
TCF4,1
TCF7,1
TCF7L1,1
TCF7L2,1
TCL1A,1
TCL1B,1
TCN1,1
TCN2,1
TDG,1
TDGF1,1
TDP2,1
TEAD1,1
TEAD2,1
TEAD3,1
TEAD4,1
TEC,1
TELO2,1
TENM1,1
TENM2,1
TENM3,1
TENM4,1
TEP1,1
TERF1,1
TERF2,1
TERF2IP,1
TERT,1
TES,1
TESK1,1
TESK2,1
TESPA1,1
TET1,1
TET2,1
TET3,1
TF,1
TFAP2A,1
TFAP2B,1
TFAP2C,1
TFAP4,1
TFDP1,1
TFDP2,1
TFDP3,1
TFE3,1
TFEB,1
TFF1,1
TFF2,1
TFF3,1
TFG,1
TFIP11,1
TFPI,1
TFPI2,1
TFRC,1
TG,1
TGFB1I1,1
TGFB2,1
TGFB3,1
TGFBI,1
TGFBR3,1
TGFBRAP1,1
TGIF1,1
TGM1,1
TGM2,1
TGS1,1
TH,1
THAP12,1
THBD,1
THBS3,1
THBS4,1
THEM4,1
THOC1,1
THPO,1
THRA,1
THRAP3,1
THRB,1
TIA1,1
TIAL1,1
TIAM1,1
TIAM2,1
TICAM1,1
TICAM2,1
TIFA,1
TIFAB,1
TIGIT,1
TIMD4,1
TIMELESS,1
TIMM8A,1
TIMP1,1
TIMP2,1
TIMP4,1
TINAGL1,1
TIPARP,1
TIPIN,1
TIPRL,1
TIRAP,1
TKFC,1
TKT,1
TLCD3A,1
TLE1,1
TLE2,1
TLE4,1
TLE5,1
TLK1,1
TLK2,1
TLN1,1
TLR1,1
TLR10,1
TLR3,1
TLR4,1
TLR5,1
TLR7,1
TLR8,1
TLR9,1
TLX1,1
TLX3,1
TM4SF5,1
TM7SF2,1
TMBIM6,1
TMED10,1
TMED9,1
TMEM8B,1
TMF1,1
TMOD1,1
TMPRSS11D,1
TMPRSS6,1
TMSB4X,1
TNC,1
TNF,1
TNFAIP3,1
TNFAIP6,1
TNFAIP8,1
TNFRSF10A,1
TNFRSF10B,1
TNFRSF10D,1
TNFRSF12,1
TNFRSF13B,1
TNFRSF18,1
TNFRSF1A,1
TNFRSF1B,1
TNFRSF21,1
TNFRSF25,1
TNFRSF4,1
TNFRSF5,1
TNFRSF6,1
TNFRSF7,1
TNFRSF9,1
TNFSF11,1
TNFSF12,1
TNFSF13,1
TNFSF13B,1
TNFSF14,1
TNFSF15,1
TNFSF18,1
TNFSF2,1
TNFSF4,1
TNFSF7,1
TNFSF8,1
TNIK,1
TNIP1,1
TNIP2,1
TNIP3,1
TNK1,1
TNK2,1
TNKS,1
TNKS1BP1,1
TNKS2,1
TNN,1
TNNI1,1
TNNI3,1
TNNI3K,1
TNPO1,1
TNR,1
TNS1,1
TNS2,1
TNS4,1
TNXB,1
TOLLIP,1
TOP1,1
TOPBP1,1
TOPORS,1
TOR1A,1
TOR2A,1
TP53,1
TP53AIP1,1
TP53BP1,1
TP53BP2,1
TP53INP1,1
TP53INP2,1
TP53RK,1
TP63,1
TP73,1
TPBG,1
TPD52,1
TPH1,1
TPH2,1
TPI1,1
TPM1,1
TPO,1
TPP2,1
TPPP,1
TPPP3,1
TPR,1
TPSB2,1
TPST1,1
TPT1,1
TPX2,1
TRADD,1
TRAF1,1
TRAF2,1
TRAF3,1
TRAF4,1
TRAF5,1
TRAF6,1
TRAF7,1
TRAK2,1
TRAP1,1
TRAPPC9,1
TRBV7-9,1
TRDMT1,1
TREX1,1
TRH,1
TRHR,1
TRIB1,1
TRIB2,1
TRIB3,1
TRIM11,1
TRIM21,1
TRIM23,1
TRIM24,1
TRIM25,1
TRIM27,1
TRIM28,1
TRIM33,1
TRIM41,1
TRIM44,1
TRIM59,1
TRIM8,1
TRIO,1
TRIP11,1
TRIP12,1
TRO,1
TRPA1,1
TRPC1,1
TRPC3,1
TRPC4,1
TRPC5,1
TRPM4,1
TRPM6,1
TRPM7,1
TRPV1,1
TRPV4,1
TRPV6,1
TRRAP,1
TSC1,1
TSC2,1
TSC22D1,1
TSC22D3,1
TSG101,1
TSHB,1
TSLP,1
TSPAN12,1
TSPYL2,1
TSSK1B,1
TSSK2,1
TSSK3,1
TSSK4,1
TTBK1,1
TTBK2,1
TTC1,1
TTC39A,1
TTC5,1
TTF1,1
TTF2,1
TTK,1
TTL,1
TTN,1
TTR,1
TUB,1
TUBA1A,1
TUBB,1
TUBB4A,1
TULP1,1
TWF1,1
TWF2,1
TWIST1,1
TWSG1,1
TXK,1
TXLNA,1
TXLNG,1
TXN,1
TXNIP,1
TXNL1,1
TXNL4A,1
TXNRD1,1
TYK2,1
TYMP,1
TYMS,1
TYR,1
TYROBP,1
TYRP1,1
U2AF1,1
U2AF2,1
UACA,1
UBA1,1
UBA3,1
UBA5,1
UBA52,1
UBA7,1
UBASH3B,1
UBB,1
UBC,1
UBE2A,1
UBE2B,1
UBE2C,1
UBE2D1,1
UBE2D2,1
UBE2D3,1
UBE2E1,1
UBE2G1,1
UBE2G2,1
UBE2I,1
UBE2K,1
UBE2L3,1
UBE2L6,1
UBE2M,1
UBE2N,1
UBE2NL,1
UBE2O,1
UBE2S,1
UBE2T,1
UBE2V1,1
UBE3A,1
UBE3C,1
UBE4A,1
UBE4B,1
UBIAD1,1
UBL4A,1
UBLCP1,1
UBQLN1,1
UBQLN2,1
UBR1,1
UBR2,1
UBR5,1
UBXN1,1
UBXN6,1
UBXN8,1
UCHL1,1
UCHL5,1
UCN,1
UCN2,1
UCP2,1
UFD1,1
UGCG,1
UHMK1,1
UHRF1,1
UHRF2,1
UIMC1,1
ULBP1,1
ULK1,1
ULK2,1
ULK3,1
UMPS,1
UNC13B,1
UNC45A,1
UNC5A,1
UNC5B,1
UNC5CL,1
USF1,1
USF2,1
USH1C,1
USP1,1
USP10,1
USP13,1
USP14,1
USP16,1
USP17L2,1
USP22,1
USP24,1
USP28,1
USP3,1
USP4,1
USP6,1
USP6NL,1
USP7,1
USP8,1
USP9X,1
UTS2,1
UTS2R,1
UVRAG,1
UXT,1
VAMP2,1
VANGL1,1
VASP,1
VAV1,1
VAV2,1
VAV3,1
VCAM1,1
VCL,1
VCP,1
VDAC1,1
VDAC2,1
VDAC3,1
VDR,1
VEGFB,1
VEGFC,1
VEGFD,1
VGF,1
VHL,1
VHLL,1
VIL1,1
VIM,1
VIPR1,1
VIPR2,1
VLDLR,1
VMP1,1
VPS4A,1
VPS4B,1
VRK1,1
VRK2,1
VRK3,1
VSIR,1
VSNL1,1
VSTM1,1
VTA1,1
VTCN1,1
VWA1,1
VWCE,1
WAPL,1
WAS,1
WASF1,1
WASF2,1
WASF3,1
WASL,1
WDFY3,1
WDR26,1
WDR48,1
WDR77,1
WDR83,1
WEE1,1
WEE2,1
WFDC1,1
WFDC2,1
WIF1,1
WIPF1,1
WIPF2,1
WISP2,1
WISP3,1
WLS,1
WNK1,1
WNK2,1
WNK3,1
WNK4,1
WNT1,1
WNT10A,1
WNT10B,1
WNT16,1
WNT2,1
WNT2B,1
WNT3,1
WNT5B,1
WNT6,1
WNT8A,1
WNT8B,1
WNT9A,1
WNT9B,1
WRAP53,1
WRN,1
WSB1,1
WT1,1
WWC1,1
WWOX,1
WWP1,1
WWTR1,1
XAB2,1
XAF1,1
XBP1,1
XCL1,1
XCL2,1
XCR1,1
XIAP,1
XPA,1
XPC,1
XPO1,1
XPO5,1
XRCC1,1
XRCC4,1
XRCC5,1
XRCC6,1
XRN1,1
XXYLT1,1
YAP1,1
YARS,1
YBX1,1
YEATS4,1
YES1,1
YKT6,1
YRDC,1
YWHAB,1
YWHAE,1
YWHAG,1
YWHAH,1
YWHAQ,1
YWHAZ,1
YY1,1
ZAP70,1
ZBP1,1
ZBTB12,1
ZBTB16,1
ZBTB17,1
ZBTB32,1
ZBTB33,1
ZBTB4,1
ZBTB5,1
ZBTB7A,1
ZC3H12A,1
ZC3H12D,1
ZCCHC12,1
ZDHHC2,1
ZDHHC5,1
ZDHHC9,1
ZEB1,1
ZEB2,1
ZFAND5,1
ZFHX3,1
ZFP36L2,1
ZFP42,1
ZFP91,1
ZFPM1,1
ZFPM2,1
ZFYVE9,1
ZG16B,1
ZGPAT,1
ZHX2,1
ZIC1,1
ZIC3,1
ZKSCAN3,1
ZMIZ1,1
ZMIZ2,1
ZMPSTE24,1
ZMYM4,1
ZMYND10,1
ZMYND11,1
ZMYND8,1
ZNF148,1
ZNF197,1
ZNF202,1
ZNF217,1
ZNF267,1
ZNF274,1
ZNF318,1
ZNF331,1
ZNF350,1
ZNF384,1
ZNF385A,1
ZNF420,1
ZNF451,1
ZNF461,1
ZNF521,1
ZNF652,1
ZNF653,1
ZNF692,1
ZNF76,1
ZNFX1,1
ZNG1C,1
ZNRF3,1
ZP3,1
ZPR1,1
ZRANB2,1
ZSCAN1,1
ZZEF1,1
PDE1A,1
PDE1B,1
PDE1C,1
GPR15,1
VSTM2B,1
TSPAN10,1
TSPAN14,1
CLEC12B,1
SIGLEC10,1
MGLL,1
TMEM259,1
VAPA,1
CLEC14A,1
CERS6,1
DYSF,1
VSIG8,1
VSIG10L,1
FAM187B,1
AQP1,1
PEAR1,1
IYD,1
MUC15,1
TMEM95,1
IGSF5,1
LRRC52,1
CD300LG,1
TMEM167A,1
KIRREL3,1
SCN1B,1
CLDN12,1
CLDN9,1
BTN2A2,1
TECTB,1
TMEM132A,1
PCDHB7,1
PTPRZ2,1
SGCG,1
FAM187A,1
SPACA6,1
TMEM81,1
ILDR1,1
FAM200A,1
PCDHGB4,1
WBP1,1
SARAF,1
RAMP1,1
RAMP2,1
RAMP3,1
EVC2,1
NAALAD2,1
SLAMF9,1
TRHDE,1
C19orf38,1
EPHA10,1
TCTN2,1
CD300E,1
IGFLR1,1
SHISA4,1
BCAM,1
UNC5D,1
ELFN1,1
FA2H,1
TMEM161A,1
TTYH1,1
YIF1A,1
YIF1B,1
ATXN10,1
IGSF8,1
MILR1,1
SIGLEC12,1
LYPD6,1
ISLR2,1
LRTM2,1
VSIG10,1
TREML1,1
LILRB5,1
LRP3,1
IGSF9B,1
LCTL,1
EDAR,1
PRSS55,1
LRRTM4,1
TMEM53,1
TMEM123,1
OSCAR,1
MPZL2,1
APCDD1,1
LRRTM3,1
VSTM4,1
CLDN5,1
FCRL6,1
LRRN3,1
THSD7A,1
GJA4,1
PLXDC1,1
KIAA0090,1
NCR2,1
GPC5,1
TMEM59L,1
LRFN1,1
SLITRK4,1
SIRPB1,1
GFRA2,1
GFRA3,1
GFRA4,1
CLEC4A,1
CLCP1,1
ADGRL1,1
ADGRL2,1
LRP12,1
LRFN2,1
TEX101,1
ADGRA2,1
SV2B,1
ROBO4,1
B9D1,1
CC2D2A,1
TMEM216,1
C14orf37,1
ADGRF5,1
TSPAN13,1
ACAN,1
LGR4,1
LGR6,1
CELA2A,1
CNIH1,1
CD1C,1
CEACAM19,1
CD200R1L,1
MRAP,1
ALYREF,1
CPSF1,1
CPSF2,1
CPSF3,1
GEMIN2,1
GEMIN5,1
GEMIN6,1
GEMIN7,1
KPNA1,1
MAGOH,1
NCBP2,1
NXF1,1
RBM8A,1
SLBP,1
SMN2,1
SNRPB,1
SNRPD1,1
SNRPD2,1
SNRPD3,1
SNRPF,1
SNRPG,1
SRRM1,1
UPF3B,1
AP1M1,1
ABCC1,1
TMEM132D,1
ACTR3,1
RPS3,1
ABI3,1
BIN1,1
CDV3,1
CHCHD2,1
CHRNB1,1
DCX,1
DGCR8,1
DGKA,1
DOK3,1
EMB,1
EVL,1
GMFG,1
GRIN2D,1
HCLS1,1
MSH5,1
PKP4,1
PLEKHG2,1
PLSCR4,1
RAPH1,1
SHD,1
SLC9A2,1
SRCIN1,1
STX17,1
SYNJ2,1
TRIP10,1
YTHDC1,1
ZDHHC16,1
DBN1,1
HLCS,1
TINF2,1
SLC6A19,1
PNPLA6,1
FABP4,1
GPAM,1
TCEAL1,1
PKD2L1,1
DSTN,1
DCAF6,1
DNAJB2,1
FBXO30,1
FCHO1,1
FGD6,1
MCM5,1
OTUD7B,1
PLEK,1
PLEKHB1,1
PLEKHJ1,1
RAB17,1
RAB25,1
RAB3B,1
RAB6B,1
RASD2,1
RASL12,1
RHOJ,1
SKIC8,1
STX8,1
TTC17,1
TTC27,1
UBE2E3,1
USP39,1
VEPH1,1
ZBTB44,1
BMP8,1
SNX2,1
TRIM26,1
TSPAN15,1
TSPAN17,1
RHBDF2,1
CCBE1,1
MATN3,1
RAB1A,1
GRIA4,1
GPR150,1
GPR176,1
GPR25,1
GPR27,1
GPR45,1
GPR83,1
ADNP,1
PEMT,1
SERPINA6,1
GPR20,1
RTN4RL1,1
RTN4RL2,1
CD55B,1
USH2A,1
VEZT,1
WHRN,1
MSR1,1
ASGR2,1
GPR152,1
GPR42,1
CUL5,1
PROM1,1
MBNL3,1
SOX10,1
MYO1E,1
ATRN,1
ATP6AP2,1
GABBR2,1
GPR18,1
GPR4,1
GPR65,1
GPR68,1
GPRC6A,1
HCAR3,1
OPN4,1
TAS2R1,1
TAS2R10,1
TAS2R13,1
TAS2R14,1
TAS2R16,1
TAS2R3,1
TAS2R31,1
TAS2R39,1
TAS2R4,1
TAS2R40,1
TAS2R41,1
TAS2R46,1
TAS2R60,1
TAS2R7,1
ABCG2,1
GCH1,1
RRBP1,1
LDHA,1
AQP2,1
ACIN1,1
ACLY,1
ADI1,1
AKTIP,1
ANKRD2,1
ARFGAP2,1
ATXN1,1
BCL11A,1
BEX1,1
CARHSP1,1
CCDC88A,1
CCNF,1
CCT2,1
CD99L2,1
CDCA7,1
CDK2AP1,1
CELF1,1
CGAS,1
CLASRP,1
CSRP3,1
DENND1A,1
DLGAP2,1
DLX5,1
DNMT1,1
EDC3,1
EMSY,1
ERAL1,1
FLNC,1
FOXN3,1
GAS7,1
GRIN2C,1
GTF3C1,1
H2BC21,1
H2BC3,1
HAND1,1
HIRIP3,1
HJURP,1
IWS1,1
KLHL25,1
KRT10,1
LARP1,1
LARP6,1
LMO7,1
LUC7L2,1
MED28,1
METTL1,1
MISP,1
MLX,1
NIBAN1,1
NRIP2,1
NUP133,1
PACS2,1
PALLD,1
PCBP1,1
PCBP3,1
PCK2,1
PFKFB2,1
PFKFB3,1
PFKL,1
PFKM,1
PFKP,1
PHF20,1
PHLDA2,1
PINX1,1
PLEKHA4,1
PNISR,1
POP7,1
PPARGC1B,1
PPL,1
PRICKLE3,1
PRPH,1
PYGO2,1
RAB3D,1
RALGAPA2,1
RBM17,1
RELL2,1
RPS20,1
RYR2,1
SLC7A11,1
SMPX,1
SNRNP70,1
SRRM2,1
SRSF10,1
SYTL1,1
TBC1D1,1
TCEAL6,1
TENT2,1
TRA2B,1
TRAT1,1
TSN,1
TTC3,1
UBN1,1
UTP18,1
UXS1,1
WDR45B,1
ZFP36L1,1
ZHX1,1
ZRANB1,1
H3C2,1
ARFGEF3,1
C2CD5,1
CASKIN1,1
MYO5A,1
PPIF,1
SRSF5,1
TMOD3,1
ZNF106,1
AGO1,1
FARS2,1
CRABP2,1
SYP,1
ZC3HC1,1
MAOA,1
OXER1,1
GYS1,1
LAMP1,1
LAMP2,1
STAR,1
H1-5,1
CLTA,1
GABRA1,1
POLB,1
CCNO,1
RELB,1
AMN,1
ABCA7,1
ATP5B,1
CLCA2,1
DERL1,1
OR2T6,1
OR3A2,1
OR5H6,1
OR8D2,1
RYR1,1
LCAT,1
APOBR,1
SCARF1,1
APOBEC1,1
CHRNA4,1
CETP,1
APBA2,1
NAE1,1
LRP10,1
SLC45A3,1
C1orf116,1
CA3,1
CCN5,1
CYP3A5,1
CYP7B1,1
MT2A,1
PDE9A,1
PFKFB1,1
PGC,1
SCNN1A,1
SMS,1
STEAP4,1
TMPRSS2,1
WIPI1,1
AGGF1,1
ASS1,1
CPS1,1
GMEB1,1
KLHL12,1
MBNL1,1
NUDT14,1
PAXBP1,1
PRPF6,1
RBM12,1
SAFB2,1
SF3B1,1
SPAG7,1
SUMO4,1
TIMM44,1
TIMM50,1
FOLR1,1
CLTB,1
PLCD1,1
KLC1,1
GPHN,1
TBCD,1
ALDOA,1
FECH,1
PGM1,1
PLIN2,1
SLC11A2,1
SLC2A3,1
GALNS,1
CHAF1B,1
TBX1,1
MGRN1,1
VCPKMT,1
ARNT2,1
CCDC65,1
NKX6-1,1
CSRP2,1
HBG2,1
RFC1,1
ASNS,1
CLTCL1,1
ABLIM1,1
ACTR8,1
AICDA,1
AP3B1,1
AP3B2,1
BSN,1
CACNB2,1
CEP164,1
CGGBP1,1
CHAMP1,1
CHD4,1
CROCC,1
DCK,1
DCLRE1A,1
DNTTIP2,1
ELOA,1
EPB41L3,1
EPN2,1
EXO1,1
GAP43,1
GPS1,1
L3MBTL2,1
LIG4,1
MAGED2,1
MATR3,1
MLLT1,1
NABP2,1
NASP,1
NUSAP1,1
PAPOLB,1
PBRM1,1
PEX5,1
PLEC,1
PNKP,1
POLL,1
PPP6R3,1
RFWD3,1
RIF1,1
RNF138,1
SFSWAP,1
SLTM,1
SLU7,1
SMC1A,1
SPTBN1,1
TDP1,1
TRIM29,1
UCHL3,1
UFL1,1
UPF1,1
USP15,1
USP34,1
VPS72,1
WDHD1,1
ZBTB2,1
ZC3H18,1
ZNF506,1
BARHL1,1
ATP5F1B,1
CCDC82,1
CHTF18,1
FARSA,1
GINS2,1
MCM2,1
MCM4,1
MCM6,1
PHF14,1
RAD51AP1,1
SON,1
SUGP2,1
SUN2,1
TUT1,1
XRCC3,1
ZNF830,1
ZSCAN5A,1
MUS81,1
CRX,1
AJUBA,1
CENPE,1
CETN2,1
CPEB1,1
CRMP1,1
DLGAP5,1
KCTD12,1
KIF11,1
MCRS1,1
MYBBP1A,1
NDC80,1
NDEL1,1
NEDD1,1
PHLDA1,1
TACC1,1
TACC3,1
WDR62,1
ANKZF1,1
CAVIN1,1
CCDC86,1
CDCA2,1
CDCA5,1
CHMP4C,1
CKAP2,1
CNOT6,1
COBLL1,1
DDA1,1
DDX3X,1
DDX3Y,1
DDX52,1
DSN1,1
FEV,1
H1-4,1
H2BC11,1
H2BC12,1
H2BC14,1
H2BC15,1
H2BC17,1
H2BC18,1
H2BC19P,1
H2BC20P,1
H2BC4,1
H2BC5,1
H2BC9,1
HMGN5,1
HSFX2,1
KRT8,1
MECP2,1
MIS18A,1
MIS18BP1,1
MKI67,1
MPHOSPH10,1
MYRF,1
NAGK,1
NCAPD2,1
NCAPD3,1
NCAPG,1
NCAPH,1
NOL7,1
NSUN2,1
PRRC2C,1
RBM14,1
RBM3,1
RBMX,1
RBMXL1,1
REC8,1
RPL21,1
RPL8,1
RPS10,1
SEPTIN1,1
SH2D4A,1
SHCBP1,1
SKA3,1
SLC45A2,1
SMC2,1
SMC4,1
SUPT16H,1
TBL3,1
UTP3,1
ZBED1,1
ZIC4,1
ZNF606,1
ZWINT,1
LZTS1,1
M6PR,1
SCARB2,1
SLC12A1,1
TRPC6,1
CD1A,1
LGALS7B,1
AKR1C2,1
ENDOG,1
CDH17,1
BCL2A1,1
BCKDHA,1
HIVEP3,1
BCL2L14,1
RCBTB1,1
UNC119,1
NGFRAP1,1
INPP5K,1
SORCS2,1
PVALB,1
BEX3,1
SMPD3,1
BANK1,1
BCAS2,1
CTR9,1
CHAF1A,1
SCYB13,1
HMBOX1,1
HFE2,1
SSX2,1
ZNF784,1
TSKU,1
BARX1,1
AIRE,1
FAM83G,1
HOXC8,1
SF3B4,1
DCAF12,1
DCAF7,1
EIF4A3,1
KLHL1,1
LZTR1,1
RAB38,1
SASH3,1
TNNT1,1
UBE2Z,1
USP45,1
ANKS1A,1
CCDC89,1
CES1,1
DYNLT1,1
FOXL1,1
LMX1A,1
LSM10,1
NBEA,1
NOP56,1
PDZRN3,1
PMPCA,1
RABGGTA,1
MAGEA12,1
RUFY1,1
RUFY2,1
STARD3,1
TRNAU1AP,1
ZCCHC10,1
S100A7,1
H2BC26,1
C7orf25,1
PRPF40A,1
RFC4,1
NPC1,1
TUBG1,1
SLC16A1,1
SLC16A7,1
PIRA2,1
LILRA4,1
DDX41,1
PDCD2,1
SLC4A1AP,1
ZNF397,1
ZNF655,1
ZW10,1
AP4B1,1
CENPS,1
CSDC2,1
LAS1L,1
PHAX,1
PPIE,1
STIP1,1
TOX,1
ZFP36,1
ZNF765,1
SUSD2,1
LY6G6C,1
SLC16A4,1
CR1,1
CR1L,1
ADGRB3,1
MFRP,1
EEF2,1
EPB41L1,1
IMPA1,1
MYH1,1
ADD1,1
ATP2B1,1
PLPP6,1
PYGL,1
PYGM,1
AQP6,1
KCNN4,1
KCNQ1,1
KCNQ3,1
KCNQ5,1
MIP,1
SCN10A,1
SCN4A,1
CNGA2,1
TRPM2,1
CTAG1B,1
EIF4G3,1
GCM1,1
DAZAP1,1
CACNA1B,1
CAMK2N2,1
GABRB1,1
GABRG2,1
HOMER3,1
ITPKA,1
KCND2,1
KCNJ11,1
LRRC7,1
MYOG,1
RRAD,1
SLN,1
SPR,1
TANC1,1
ANKRD28,1
LIMA1,1
RPS18,1
SCN5A,1
CABP2,1
HNRNPL,1
CEP250,1
DDX25,1
PSPC1,1
SERBP1,1
TUFM,1
TCEA2,1
CASP14,1
ELAVL4,1
APBA1,1
ATP2B4,1
CNTNAP4,1
FCHSD2,1
GRIK2,1
KCNA4,1
KCNJ12,1
KCNJ2,1
KCNJ4,1
TBR1,1
EIF3A,1
PTBP2,1
GOLGA3,1
LMNB1,1
LMNB2,1
ATN1,1
DSG3,1
EIF2S3,1
FHOD1,1
GAS2,1
MEF2B,1
MYL3,1
NDUFS1,1
PARG,1
GSDMD,1
DEDD,1
NEU3,1
IGHA1,1
GRID2,1
SCYA11,1
SCYA13,1
SCYA14,1
SCYA2,1
SCYA4,1
SCYA5,1
SCYA7,1
SCYA8,1
DARC,1
C14orf1,1
ERG28,1
PITPNM3,1
SLC7A1,1
GPRC5D,1
PGRMC2,1
GPR101,1
GPR75,1
HECA,1
ORC2,1
UBTF,1
ERCC6L,1
FMNL2,1
IREB2,1
MTHFR,1
RNMT,1
COIL,1
LIN9,1
RRN3,1
HIRA,1
ORC3,1
TFCP2,1
NELFA,1
SUPT4H1,1
SCYA15,1
SCYA23,1
SCYA3,1
SCYA24,1
SCYA26,1
SCYA17,1
SCYA22,1
SCYA20,1
SCYA19,1
SCYA21,1
SCYA1,1
SCYA25,1
SCYC1,1
SCYC2,1
CD200R2,1
CD200R3,1
CD200R4,1
SH2D1B,1
FYB1,1
IVL,1
CLLU1,1
CLLU1-AS1,1
DCSTAMP,1
RTEL1,1
SPRYD7,1
IGHM,1
RFXANK,1
SIGLECG,1
CD97,1
EMR2,1
ADGRE2,1
GPRC5B,1
CDC42EP4,1
EXOC7,1
ID4,1
IQGAP2,1
IQGAP3,1
SEPTIN2,1
MYBPC3,1
MYH13,1
MYH2,1
MYH4,1
MYH6,1
MYH7,1
MYH8,1
MYL6B,1
MYOM1,1
PPP1R12C,1
SHROOM1,1
SHROOM4,1
TRIM32,1
MFAP1,1
ORC5,1
ORC6,1
TOP2A,1
CDH10,1
SLC1A5,1
AJAP1,1
MGAT3,1
GRIK1,1
P2RX4,1
P2RX6,1
CDH19,1
ABCB9,1
ANK2,1
ANLN,1
BCL7C,1
BCLAF1,1
BPTF,1
CACNA1G,1
CACNB4,1
CACNG2,1
CENPT,1
CEP55,1
CIC,1
CLASP2,1
CNOT4,1
CNOT7,1
COASY,1
CTPS1,1
DDX23,1
DDX42,1
DEPDC1,1
DHX29,1
DIDO1,1
DUT,1
DYNC1LI1,1
EFHD2,1
EIF2D,1
EML3,1
EPB41L2,1
ERF,1
FAM193A,1
FOXK2,1
FUT11,1
GIGYF2,1
GJD2,1
GRSF1,1
H1-1,1
HELB,1
HMGCS1,1
HOMEZ,1
ISL2,1
KCNB1,1
KIF18A,1
KIF1B,1
KIF20B,1
KIFC1,1
KLF16,1
LIMD1,1
MCTS1,1
MNDA,1
MPLKIP,1
NCKAP5L,1
NDE1,1
NES,1
NFRKB,1
NIFK,1
NSFL1C,1
NUCKS1,1
ODF2,1
OGFR,1
OSBPL11,1
PAICS,1
PALM,1
PCLO,1
PDLIM4,1
PDS5B,1
PHC3,1
PHF12,1
PI4KB,1
PITPNM1,1
POGZ,1
POLR1G,1
PPFIA1,1
PPFIA3,1
PPP4R2,1
PYCR2,1
RAB11FIP3,1
RAB4A,1
RAB5B,1
RBBP5,1
RBBP6,1
RBM6,1
RGPD3,1
RGPD4,1
RGPD6,1
RGPD8,1
RPAP1,1
RPRD1B,1
SCML2,1
SGO1,1
SGTA,1
SKIC2,1
SMTN,1
SNAP91,1
SPAST,1
SPIB,1
SRRT,1
SRSF9,1
SSBP4,1
SSR1,1
STMN2,1
SUN1,1
SUPT5H,1
SYN3,1
TAF2,1
TAF3,1
TCF20,1
TCOF1,1
TEX14,1
TFPT,1
TK1,1
TLE3,1
TMEM245,1
TMPO,1
TOP2B,1
TPP1,1
TRERF1,1
TSSC4,1
TUBB3,1
UBAP2L,1
UBXN2B,1
UGDH,1
UNG,1
USP19,1
USP20,1
VCPIP1,1
VGLL4,1
WRNIP1,1
ZBTB21,1
ZC3H11A,1
ZMYM3,1
ZNF335,1
ZNF516,1
CCNL2,1
URM1,1
CHMP4A,1
TAGLN2,1
NSF,1
TDRD7,1
CCDC85B,1
CCNK,1
AARS2,1
ABLIM2,1
ADD2,1
ADD3,1
AKIRIN2,1
ALDH5A1,1
ANKLE2,1
ANKRD17,1
API5,1
ARID4B,1
BAZ2A,1
C17orf49,1
C1orf198,1
CACNA1E,1
CEP76,1
CHD3,1
COBL,1
CTTNBP2NL,1
CUL4B,1
DMTN,1
DPF2,1
DYNC1LI2,1
EIF3B,1
EIF3C,1
EIF4ENIF1,1
ELK3,1
FAM168B,1
FBXO4,1
FMN2,1
FNBP4,1
GJC2,1
GORASP2,1
H1-10,1
H1-3,1
HNRNPH1,1
HNRNPH2,1
ILRUN,1
INCA1,1
INO80E,1
IRF2BPL,1
JADE3,1
JPH1,1
LRCH3,1
MLF2,1
MOBP,1
MRPS18B,1
MSL3,1
MTHFD1L,1
NOB1,1
NPDC1,1
NSUN5,1
PABIR1,1
POLM,1
PPIG,1
PRB3,1
PRPF3,1
PRRC2A,1
PUM2,1
QTRT1,1
RALY,1
RPL12,1
RPS27,1
RPS27L,1
SART1,1
SCAF4,1
SEC24B,1
SEPTIN5,1
SLAIN2,1
SLC20A1,1
SLCO4A1,1
SMARCA5,1
SOX11,1
SRSF6,1
STX7,1
SUPT6H,1
SYAP1,1
SYNPO,1
TAL2,1
TBCE,1
TICRR,1
TOR1AIP1,1
TPD52L2,1
TSR1,1
TUBG2,1
UBE2R2,1
USP37,1
USP5,1
WTAP,1
XRN2,1
YBX3,1
ZC3HAV1,1
ZHX3,1
ZMYM2,1
CAAP1,1
GLCCI1,1
KCTD15,1
SLC4A10,1
YLPM1,1
ANXA11,1
CSDE1,1
DDX19B,1
DDX4,1
ETF1,1
EXOSC5,1
FOXN2,1
GPBP1,1
NOL12,1
ORC4,1
POLR1C,1
QKI,1
RBBP9,1
SNUPN,1
STON1,1
ZNF184,1
ZNF221,1
CCNI2,1
CDK5RAP1,1
CORO1A,1
CSRP1,1
DPYSL3,1
EPRS1,1
EXOSC3,1
FSD1,1
MIR9-1HG,1
NEFL,1
ODF1,1
PHACTR3,1
STMN3,1
STXBP2,1
SUDS3,1
SYNJ1,1
TSC22D4,1
XDH,1
MAGEA6,1
PUM1,1
ZNF410,1
GTF2H5,1
HSFY1,1
NABP1,1
PCGF6,1
RNASEH2C,1
ZCCHC8,1
MED21,1
MED25,1
MED26,1
MED6,1
MED8,1
MED9,1
AFF4,1
HMGN3,1
HTATSF1,1
PDS5A,1
ZMYM6,1
BNC1,1
ACTL6B,1
CIAO1,1
CSTF2T,1
DDX39A,1
GPBP1L1,1
NOC4L,1
PBX2,1
PLCD4,1
ZBTB18,1
PKLR,1
POLK,1
DKC1,1
GPA33,1
CLEC4M,1
HAVCR2,1
TECTA,1
G6PC1,1
LECT2,1
SLC11A1,1
TOM1,1
CEBPG,1
CHRNA9,1
ACTC1,1
ASIC3,1
CHRNA2,1
CHRNA3,1
CHRNA5,1
CHRNA6,1
CHRNB2,1
CHRNB3,1
CHRNB4,1
CHRND,1
CHRNG,1
BAZ1A,1
BUD13,1
CAMSAP2,1
CEP170B,1
CHTOP,1
CWC25,1
DDX19A,1
DDX24,1
DRG2,1
FYTTD1,1
HDLBP,1
IDI1,1
INF2,1
MAGEA11,1
NCBP3,1
POP4,1
PPME1,1
PRB4,1
PROSER2,1
PRRC2B,1
RBM26,1
RBM42,1
RPL19,1
RRP12,1
SETMAR,1
WIZ,1
YBX2,1
ZBTB11,1
ZNF395,1
ZNF638,1
BAIAP2L1,1
H1-2,1
REV3L,1
EBAG9,1
MTURN,1
NLRP4,1
TRAF3IP2,1
TRPC4AP,1
RFXAP,1
ACOX1,1
CPT1A,1
EHHADH,1
FABP1,1
HSD17B4,1
ME1,1
MUC3A,1
KLRB1B,1
KLRB1F,1
CLEC10A,1
LAG3,1
C9orf78,1
LUC7L3,1
PMF1,1
PNMA1,1
PRICKLE2,1
UBL5,1
ZMAT2,1
ZNF396,1
ZNF471,1
ZSCAN18,1
EBF4,1
GTF2IRD2,1
PAGE4,1
PRDM10,1
SMNDC1,1
SUB1,1
TBX20,1
URI1,1
ZNF280D,1
ZNF32,1
RSRP1,1
ZNF277,1
PVRIG,1
GIGYF1,1
CACNA1D,1
CACNA1F,1
CACNA1H,1
CACNA1I,1
CACNA1S,1
CACNA2D1,1
CACNB1,1
CACNB3,1
CACNG1,1
CACNG3,1
CACNG6,1
CACNG7,1
CACNG8,1
LVRN,1
OR1E1,1
ADGRG1,1
ADGRG6,1
SLC4A11,1
HAND2,1
SLC40A1,1
AKR7A2,1
CD2AP,1
CRYZ,1
GSTA2,1
LDHC,1
POR,1
UGT1A6,1
ALX1,1
ASAH2B,1
ASCL1,1
MYF6,1
CATSPER1,1
CRYBB1,1
CRYBB3,1
TP53I3,1
THOC5,1
PLA2G7,1
FUT1,1
IGHG3,1
OLFM4,1
FUNDC1,1
NDUFV2,1
NPHP1,1
SDHA,1
SIT1,1
AHCYL1,1
ATP1A1,1
CSN2,1
CTPS2,1
DLGAP4,1
LEMD3,1
NEFM,1
PDCL3,1
RTF1,1
SAT1,1
SLC24A2,1
SYT9,1
TP53TG5,1
ANXA9,1
DHX16,1
PHF10,1
PRH1,1
RTN2,1
TFAM,1
ZNF322,1
ABCF1,1
AK2,1
CASQ2,1
CEP41,1
CHMP3,1
FAM110A,1
HOXB6,1
KIF21A,1
NACA,1
PKP3,1
PURB,1
RAD54B,1
SF3B2,1
SNN,1
SYNRG,1
VIPAS39,1
ZIM2,1
ACAT2,1
AQP4,1
ARR3,1
BDP1,1
BRF1,1
CALU,1
CAPZA1,1
CERS4,1
CERS5,1
CETN1,1
CFDP1,1
CORO1C,1
CUX2,1
DPF3,1
ECD,1
ERH,1
EXOSC7,1
EXOSC9,1
FHOD3,1
FIBP,1
FKBP3,1
FLG,1
GABRR1,1
GABRR2,1
GGA1,1
GTF2A1L,1
HHEX,1
HSPH1,1
IP6K2,1
KIF1C,1
MAPRE2,1
MRTO4,1
MYH10,1
MYH9,1
NAP1L4,1
PACS1,1
PDCL,1
PIN4,1
RNF7,1
SHOX,1
SLC9A5,1
SNCAIP,1
STARD10,1
STARD3NL,1
STC2,1
TAF5L,1
TNFAIP1,1
TSPY1,1
TTI1,1
USO1,1
VAMP4,1
XK,1
ZCRB1,1
ZNF223,1
ANKRD1,1
CBX3,1
CHD1,1
COTL1,1
CRYBA4,1
CSN3,1
CST4,1
DDX46,1
DPP3,1
HLTF,1
MDN1,1
PHLDB2,1
PPP1R9A,1
RBM10,1
RNF113A,1
RPLP2,1
SLC12A2,1
STATH,1
TJAP1,1
TMX1,1
TPM3,1
UTRN,1
ZFX,1
ZFY,1
CD163,1
CTSF,1
PAPOLA,1
CRIPTO3,1
LPIN1,1
CDX4,1
KCNIP4,1
NEUROG1,1
SP5,1
TBXT,1
SFTPB,1
SCYD1,1
MYEOV,1
RPL4,1
SDF1,1
CYB5A,1
PLXNA3,1
POU3F3,1
ARF5,1
DAO,1
RPL13A,1
VN1R1,1
PITPNA,1
MAP7D1,1
ERCC1,1
ERCC4,1
HTR3B,1
HTR3C,1
HTR3D,1
HTR3E,1
BEND5,1
SNRNP40,1
TM4SF1,1
ISCU,1
CIDEA,1
PFN2,1
PFN4,1
ATP2B2,1
GDA,1
OTX2,1
PHEX,1
UBQLN4,1
RAB9A,1
AP1G1,1
XPR1,1
OR51E2,1
KLHL3,1
DUOX2,1
MRPL11,1
PI4K2B,1
CCDC88C,1
LIN52,1
PHYHIP,1
GCNA,1
ZNF519,1
ZNF626,1
KATNA1,1
KCNIP2,1
METTL3,1
NUDT4,1
S100A11,1
TBC1D22A,1
TULP3,1
GRHL1,1
SFMBT1,1
RNH1,1
SART3,1
BLTP3A,1
CES1P1,1
CES2,1
CES3,1
CES4A,1
CES5A,1
DHFR,1
MT1G,1
ELL,1
CACHD1,1
KEL,1
ELTD1,1
IK,1
NPR3,1
SLC9A3,1
ADGRL4,1
NXF3,1
TULP4,1
RHBDL2,1
ACAT1,1
AGFG1,1
AHNAK2,1
ALKBH5,1
AMPD2,1
ANKRD26,1
ATAD5,1
BET1,1
C11orf58,1
C2orf16,1
C2orf49,1
CA10,1
CALY,1
CCDC18,1
CCDC50,1
CDC42EP3,1
CEP131,1
CEP350,1
CFAP44,1
CLINT1,1
DDI2,1
DDX60,1
DGCR2,1
EML4,1
FAM114A1,1
FAM174C,1
FXR1,1
GFOD2,1
GOLGA5,1
GOLIM4,1
GPN1,1
HDGFL2,1
HECTD1,1
IPCEF1,1
IPO7,1
KARS1,1
KHNYN,1
KIAA1522,1
KRT13,1
LIMCH1,1
LOXL4,1
LRCH4,1
LRTM1,1
LSM14A,1
MEPCE,1
MIIP,1
MYO10,1
NIBAN2,1
PAFAH1B2,1
PALMD,1
PITX1,1
PLEKHH3,1
POLR1F,1
PPFIBP1,1
RDH12,1
RIMS3,1
RIOK2,1
RPP30,1
RPRD2,1
RPS13,1
SCMH1,1
SCRIB,1
SEC16A,1
SERINC1,1
SRRM4,1
SRSF11,1
SYDE1,1
TAS2R19,1
TMEM104,1
TMEM230,1
TRIM37,1
TRIM47,1
UBE2J1,1
UBR4,1
WBP2,1
ZNF503,1
ZNF512B,1
ZNF598,1
ANKS1B,1
APBB2,1
APBB3,1
ATP5F1C,1
CLNK,1
DEGS1,1
DOK5,1
DOK6,1
EHD1,1
EHD4,1
EIF1B,1
EPPK1,1
GPRC5A,1
KCND3,1
KRT17,1
KRT7,1
MARVELD2,1
PALS2,1
PLEKHA6,1
RMDN3,1
SCAMP1,1
SCD,1
SGSM2,1
SH2D3A,1
SH3BGRL,1
SNX4,1
TRIP4,1
TRPV3,1
ZFYVE16,1
ZNRF1,1
DTR,1
CDYL,1
KLF12,1
MRPS7,1
RPS11,1
RPS12,1
RPS14,1
RPS15,1
RPS15A,1
RPS16,1
RPS17,1
RPS2,1
RPS21,1
RPS23,1
RPS24,1
RPS25,1
RPS26,1
RPS28,1
RPS29,1
RPS3A,1
RPS4Y1,1
RPS5,1
RPS7,1
RPS8,1
RPS9,1
METAP2,1
PRKRIP1,1
STRBP,1
TEX10,1
MARS1,1
EIF2B3,1
EIF4E1B,1
EIF4E2,1
EIF3D,1
EIF3G,1
EIF3H,1
EIF3K,1
FXR2,1
RPL10L,1
RPL14,1
RPL18,1
RPL18A,1
RPL23A,1
RPL24,1
RPL26,1
RPL27A,1
RPL28,1
RPL29,1
RPL3,1
RPL30,1
RPL31,1
RPL34,1
RPL35,1
RPL36,1
RPL37,1
RPL38,1
RPL39,1
RPL39L,1
RPL6,1
RPL7,1
RPL7A,1
NOTCH2NLA,1
EHF,1
ACTA2,1
GPR19,1
TMIGD3,1
NEIL2,1
PLAG1,1
TRIM36,1
SH2D3C,1
HDHD2,1
NFU1,1
SARNP,1
CRLF3,1
MUC6,1
PDLIM1,1
SH3BGRL3,1
SLA2,1
TNS3,1
TOB1,1
TOM1L1,1
CSPG5,1
FLYWCH1,1
ODF2L,1
ZNF24,1
MAGEE1,1
NEIL1,1
SMC1B,1
STAG1,1
STAG2,1
ABCA3,1
B4GALT1,1
CCNG2,1
EEIG1,1
GREB1,1
INA,1
NDUFV3,1
PISD,1
PRDM15,1
TUBA1C,1
TUBA3C,1
TUBA4A,1
TUBA4B,1
TUBA8,1
HSD17B2,1
ETFA,1
SYN2,1
EXOC5,1
EXOC8,1
CPB2,1
RGS18,1
SNAP23,1
HRC,1
ADGRG5,1
GLRA2,1
FAN1,1
RBPMS,1
MLLT10,1
SLC4A3,1
DPYSL5,1
HSH2D,1
RASA3,1
SCN11A,1
SCN1A,1
SCN2A,1
SCN3A,1
SCN9A,1
PLAC1,1
AMOTL2,1
DDX6,1
SYNCRIP,1
FGF12B,1
LUZP1,1
OAS1,1
C6orf47,1
CCDC17,1
CEP126,1
GPSM3,1
NDUFS6,1
RNF130,1
ACO2,1
ASCC1,1
NRL,1
KCNH2,1
ADGRL3,1
VEGF,1
ATF7IP,1
FSCN1,1
DMTF1,1
CYP2C18,1
ACADM,1
ACADVL,1
AGR2,1
ALAS1,1
ALDOB,1
BDH1,1
CPT1B,1
CPT1C,1
HADH,1
SLC2A2,1
GSC,1
CENPB,1
CENPF,1
H2BC1,1
FBP2,1
G6PC2,1
IDH1,1
TRIM63,1
SCP2,1
HMG20B,1
RBM27,1
DIP2A,1
SCARA5,1
ANTXR2,1
ITM2C,1
NAGPA,1
SORCS1,1
GRO1,1
CFAP298,1
CLIC5,1
CNN3,1
FLOT1,1
G6PD,1
GAB3,1
IFITM3,1
LDHB,1
LPXN,1
TUT4,1
WWP2,1
CKAP4,1
SGMS1,1
TBC1D25,1
GABRA2,1
GABRA3,1
GABRA4,1
GABRA5,1
GABRA6,1
GABRB3,1
GABRD,1
GABRE,1
AP1M2,1
SIPA1L1,1
MAOB,1
LIPF,1
ST13,1
SYT7,1
GFRAL,1
FXYD6,1
ORAI2,1
SLC44A5,1
LAPTM5,1
GPR39,1
GRIA3,1
GRIK3,1
GRIK4,1
GRIK5,1
CNGA1,1
CNGB1,1
CNGA3,1
CNGB3,1
KCNJ3,1
GPR1,1
FKBP1B,1
SCYA27,1
MIG,1
SCYB10,1
SCYB11,1
GSS,1
SRR,1
OPN1LW,1
OPN1MW,1
OPN1SW,1
PQBP1,1
FCTD,1
GLS1,1
GLUD1,1
GLUD2,1
LRSAM1,1
RSBN1,1
AKAP11,1
AREL1,1
BCL2L12,1
BICD2,1
CABYR,1
CLMN,1
CYC1,1
DROSHA,1
FAAP20,1
GJB1,1
GTF2IRD1,1
GYS2,1
HELZ,1
HNRNPDL,1
HNRNPF,1
KCNAB2,1
KCNMA1,1
LCMT1,1
MYCL,1
NOL4L,1
NUDT11,1
PAPOLG,1
PPP1R16B,1
RBM38,1
REXO1,1
SNAPC4,1
TAF6,1
THOC2,1
UPF3A,1
WDFY1,1
ZNF281,1
SLC25A18,1
AGK,1
SF3B3,1
WDCP,1
DIRAS3,1
MAFK,1
SMYD1,1
TRIOBP,1
HOXC6,1
OCA2,1
AKR1B10,1
ESM1,1
MMRN1,1
GAA,1
NEUROG3,1
HOXD4,1
CHMP4B,1
KLF3,1
SLC7A9,1
HEYL,1
LIMS2,1
TOX4,1
ZNF107,1
TOB2,1
KIR2DS1,1
CD8B2,1
KIR2DS2,1
SLC9C2,1
CTSV,1
POU3F1,1
SLCO1B1,1
KIF12,1
CNTRL,1
MARCO,1
PBX3,1
CATSPER2,1
CATSPER3,1
CATSPER4,1
CATSPERB,1
CATSPERD,1
NADK,1
ERN2,1
HSPB7,1
TRPM8,1
CD209F,1
RC3H1,1
APOBEC3G,1
IFIT3,1
IL4I1,1
GBP1,1
MDM1,1
SLC26A3,1
SNX8,1
WARS1,1
TRPV2,1
CRYGB,1
FABP3,1
KRT27,1
NAPG,1
PPP1R11,1
TDO2,1
TRIM39,1
TMEM219,1
IGFALS,1
NKX3-2,1
ALOX12B,1
KCNJ10,1
KCNJ15,1
KCND1,1
KCNJ1,1
IL17RB,1
IL17RE,1
IL17,1
IL1RL2,1
IL1R1/2,1
ZBTB7B,1
ALPK3,1
ARL4C,1
HYAL1,1
NME2P1,1
SERPINB3,1
GYPE,1
GALNT1,1
SPARCL1,1
GCSAM,1
SCYB5,1
SCYB6,1
GRO2,1
GRO3,1
PARVB,1
PPP1R14B,1
PPP1R14C,1
CFC1B,1
B3GAT1,1
MED17,1
SLC5A2,1
CRYGC,1
FH,1
FNBP1,1
NEU1,1
ZNF264,1
GLIPR2,1
NLRP12,1
ATP5MF,1
TBPL1,1
IL17D,1
ISG20,1
IZUMO1R,1
VASN,1
STRA6,1
MYO18A,1
ITGAM_ITGB2L,1
CYP2J2,1
KIF5C,1
KRT16,1
MOGS,1
KLF13,1
NFE4,1
TAF1A,1
TAF1B,1
TAF1C,1
KLF11,1
HCN4,1
KCNK5,1
KCNN2,1
SLC26A5,1
PRDX4,1
PAX9,1
HOXA1,1
HOXA11,1
HOXA13,1
HOXA5,1
HOXC11,1
HOXC13,1
HOXC4,1
GSTA1,1
SPRED2,1
STAP1,1
XKR5,1
SCGF,1
SEMG2,1
IQCB1,1
SEMG1,1
CDSN,1
GPR135,1
KIF2B,1
SV2C,1
MVP,1
FLNB,1
LAX1,1
LIME1,1
SSBP3,1
THEMIS,1
TRIM16,1
LMBR1L,1
SLC22A17,1
LHX2,1
SLC12A5,1
GPR52,1
ADAM22,1
NDRG4,1
MCFD2,1
NHLH2,1
MB,1
DNAJC6,1
RAB10,1
RAB12,1
SH3GL1,1
ZNRF2,1
CYP2S1,1
LRP11,1
GPR162,1
TMEM8A,1
PGAP6,1
CD180,1
HSD17B10,1
MRPL18,1
NDUFB4,1
TBC1D10B,1
FOXE3,1
MYCT1,1
WASHC1,1
CPNE1,1
CPNE4,1
PEBP4,1
ZFYVE28,1
HSF4,1
KIF3B,1
FRA10AC1,1
FBL,1
ZNF33A,1
ZNF567,1
PFDN2,1
PDCD6,1
QARS1,1
TNNT2,1
TPD52L1,1
ZNF622,1
ATAT1,1
SRSF4,1
TUBA1B,1
GDI2,1
UBTD2,1
GBP3,1
AEBP1,1
ASB2,1
ATG2B,1
CDC42EP1,1
CDC42EP2,1
CEP170,1
CRYBG1,1
DAZ1,1
DENND4C,1
DLG5,1
DNAJC30,1
DYNC1I2,1
FHL3,1
IRX2,1
MCRIP1,1
NOX5,1
PDXDC1,1
PLA2G12A,1
PLA2G12B,1
PLA2G2C,1
PLA2G2D,1
PLA2G2E,1
PLA2G2F,1
PLA2G3,1
PLA2G4B,1
PLA2G4D,1
PLA2G4E,1
PLA2G4F,1
PLA2G5,1
PRDX6,1
RAI1,1
RAI14,1
RAMAC,1
RELL1,1
RIPOR1,1
RSPH3,1
RTL10,1
SCNN1B,1
SCNN1G,1
SLX9,1
SNED1,1
TBC1D23,1
MAPKBP1,1
PPM1J,1
USP47,1
ZNF239,1
ZNHIT1,1
RCSD1,1
SNTB1,1
BRWD1,1
PPP6R2,1
AGPS,1
AIMP2,1
AP3D1,1
BCAS1,1
CNOT3,1
CORO1B,1
IDH3G,1
KIF2A,1
LAD1,1
PHF3,1
SMARCD3,1
TLN2,1
TRIM9,1
USP21,1
CLIC3,1
NCKIPSD,1
PAPSS2,1
SULT4A1,1
ZNF7,1
PDLIM5,1
GTF3C3,1
SBK3,1
EDF1,1
EPS8L2,1
FBXO3,1
MTF2,1
SLC41A3,1
CEP44,1
PWP1,1
XPNPEP1,1
XPO7,1
ZBTB25,1
DAZL,1
KRT20,1
LPCAT2,1
PHC2,1
SEPTIN8,1
FEZ1,1
CA5B,1
RAB11FIP1,1
RAB11FIP2,1
ZNF213,1
ZNF565,1
ZNF746,1
ANKRD7,1
ASB13,1
MIEF1,1
NOL11,1
PKP2,1
PMPCB,1
SAAL1,1
VPS11,1
HPS6,1
SLC34A1,1
ARPP19,1
ENSA,1
ALDH9A1,1
BCAT1,1
DDX18,1
HMGCS2,1
LIN28B,1
MGA,1
MNT,1
MXD3,1
MXD4,1
NDUFAF2,1
PDCD10,1
PEG10,1
POLR3D,1
RIOX2,1
SERPINI1,1
SFXN3,1
TAF4B,1
TMEFF2,1
TMEM126A,1
MLANA,1
RFC2,1
RFC3,1
RFC5,1
GPC2,1
SLC2A14,1
CKM,1
HDDC2,1
HOXC9,1
PCBD2,1
PRICKLE1,1
DCT,1
PNPLA8,1
PVRL2,1
PVRL1,1
PVRL3,1
PVRL4,1
EIF3L,1
EIF3M,1
GOSR1,1
NCAPH2,1
GYPC,1
MLKL,1
NDUFS3,1
BCAS3,1
BLOC1S1,1
PLCL1,1
BRD9,1
PATL1,1
WASHC2A,1
ZNF768,1
RAPSN,1
SYNE1,1
MAT2A,1
SLC25A3,1
TFEC,1
CIP2A,1
MCM8,1
DHX36,1
MYO1F,1
MYO5B,1
MYO5C,1
POLR2M,1
TTYH2,1
CTNNAL1,1
EXOSC4,1
FEZ2,1
CNTROB,1
KIF24,1
LRRC45,1
MSANTD2,1
SNAP29,1
ZNF81,1
DHX32,1
ZNF496,1
ZNF597,1
FOXJ2,1
MFN1,1
NAA16,1
NECAB2,1
RAB14,1
ZNF346,1
KIF14,1
VPS39,1
GBGT1,1
SLC5A3,1
ADSS2,1
ABCC2,1
CBR3,1
GCLM,1
UGT2B7,1
VAMP1,1
POLR3A,1
POLR3B,1
POLR3E,1
POLR3F,1
POLR3H,1
CUZD1,1
LIN28A,1
PADI3,1
SORCS3,1
NGFB,1
NTF5,1
SLC22A11,1
SLC22A9,1
TBC1D10A,1
DEFA5,1
DTX2,1
DTX3,1
FOXI2,1
HES7,1
AQP3,1
GUCY1B1,1
ACO1,1
PYCR1,1
RAB5C,1
ZCCHC2,1
GABRG3,1
NPTXR,1
CYP7A1,1
CYP27A1,1
CYP1A2,1
SLC10A1,1
HSD3B2,1
ABCG5,1
RIBC2,1
MS4A4A,1
CLSTN2,1
CLSTN3,1
LRRTM1,1
NLGN4Y,1
SMC6,1
TSNAX,1
SHTN1,1
RUSC1,1
ERAP1,1
RPE,1
TUBA3D,1
TUBA3E,1
TUBB1,1
TUBB2A,1
TUBB2B,1
TUBB4B,1
TUBB6,1
TUBB8,1
TUBD1,1
NPC2,1
TRPM1,1
OR1G1,1
PLIN1,1
NELL1,1
IDH2,1
RELT,1
SLC12A6,1
ARRDC4,1
CSAG3,1
MAGEA2,1
MAGEA9,1
MAP3K7CL,1
MORC2,1
NACC2,1
TBCB,1
UPK3A,1
ZDHHC11,1
DLST,1
GATAD2A,1
LZTS2,1
PDLIM7,1
TUBGCP4,1
PACSIN1,1
PAIP1,1
APTX,1
CHD1L,1
MTUS1,1
WDR5,1
SHROOM3,1
GPRASP1,1
GPS2,1
SESN1,1
PDHA1,1
PCDHA1,1
PCDHA11,1
PCDHA2,1
PCDHA5,1
PCDHA8,1
PCDHA9,1
PCDHAC2,1
ERP44,1
POLI,1
GPR171,1
ACOT13,1
ART1,1
LYVE1,1
COPB1,1
GNPDA1,1
PDHA2,1
HIC2,1
ISOC2,1
CDAN1,1
NIPBL,1
MRGPRX4,1
PEX12,1
NARS1,1
TLX2,1
ARF3,1
CCT4,1
MTMR12,1
LETMD1,1
SLC5A5,1
TPM2,1
SCIN,1
FAM110D,1
LZTFL1,1
RP9,1
CUTC,1
HNRNPH3,1
NDUFB8,1
R3HDM2,1
LETM1,1
RAB13,1
RHOT1,1
RIPOR2,1
UBD,1
AQP5,1
CNGA4,1
REM1,1
TRPC7,1
NEUROD2,1
ZBTB49,1
ZFAND6,1
PLA2R1,1
SORD,1
DPM3,1
PLPP1,1
HABP2,1
ASPM,1
BEX4,1
CENPQ,1
CENPU,1
CEP192,1
CEP68,1
DNAJB9,1
EVI5,1
GET4,1
KIZ,1
PPP1R7,1
MPP3,1
TRIP13,1
MTUS2,1
TENT5C,1
TUBGCP6,1
ATP2A1,1
ATP2A3,1
DGKG,1
GMCL1,1
HIVEP2,1
GALM,1
ACAA1,1
ACOX2,1
ACOX3,1
ACSL1,1
ACSL5,1
ACSL6,1
CPT2,1
CYP4A11,1
CYP4A22,1
CYP8B1,1
FADS2,1
SCD5,1
SLC25A20,1
SLC27A1,1
SLC27A4,1
TXNRD2,1
UCP1,1
UGT2B4,1
ACADL,1
AQP7,1
GPX3,1
MID1,1
BIN2,1
JAKMIP2,1
PRPS1,1
PRPS2,1
SNX17,1
TOMM34,1
COPS9,1
FNIP1,1
AKAP14,1
AKIP1,1
ARPP21,1
ASIC1,1
ATP5IF1,1
CHCHD3,1
CHKB,1
CRIP2,1
DTNB,1
DYNLRB1,1
EN2,1
FHIP2B,1
GJA8,1
GLRA1,1
GNMT,1
GPKOW,1
GSTA4,1
GUSB,1
HMGCR,1
IMMT,1
ITPKB,1
KCNJ13,1
KCNJ5,1
KCNK18,1
KCNK9,1
KCNQ2,1
KDELR1,1
MEP1B,1
NDUFS4,1
PAH,1
PDE10A,1
PDE11A,1
PHOX2A,1
PJA2,1
PPP1R1C,1
PRDX5,1
RAP1GAP2,1
RBM19,1
RGS10,1
RGS14,1
SEC14L2,1
SI,1
SLC4A4,1
SLC8B1,1
THOP1,1
AGO4,1
DHX8,1
PKIB,1
TBC1D5,1
TRAPPC8,1
TRIM3,1
USP32,1
WDR33,1
ZNF224,1
SYT12,1
ARX,1
BATF,1
BEST1,1
CAVIN2,1
CCDC40,1
DECR1,1
DGKD,1
DOCK8,1
FAM8A1,1
HABP4,1
JPH2,1
KCNA5,1
KCNC4,1
KCNE3,1
LENG8,1
MAGEB6,1
MBD4,1
NDUFB2,1
NMRAL1,1
NOXO1,1
NRGN,1
PITPNB,1
PITPNC1,1
PPP1R14D,1
RAB37,1
RGS7,1
RSC1A1,1
SEPTIN3,1
SLC39A8,1
SPAG1,1
STOM,1
STXBP3,1
TACSTD2,1
TNNI2,1
TNNT3,1
ALG2,1
CRYBA1,1
CRYBA2,1
DNAJC13,1
GCNT1,1
LST1,1
OSBPL9,1
SYT6,1
TNPO3,1
ENOX2,1
IFI6,1
PLSCR3,1
COPB2,1
NLRP5,1
NREP,1
UGT1A7,1
CCHCR1,1
LLGL2,1
PIR,1
AKAP10,1
ANXA4,1
GLRX3,1
AQP9,1
LNPEP,1
PTRH2,1
DCAF1,1
EFTUD2,1
IDH3A,1
ILF2,1
PNPT1,1
CCDC80,1
GKAP1,1
CTH,1
HCN2,1
CISD1,1
FAF2,1
SYT11,1
TOMM70,1
TRAM1,1
CHIT1,1
CNBP,1
TAF15,1
HSPB3,1
PNN,1
ZNF485,1
TMEM222,1
GPR37L1,1
GALC,1
GBA2,1
HM13,1
ADH4,1
MT-ATP6,1
IFT46,1
CDIP1,1
CKB,1
MICAL1,1
KCNIP1,1
LYPLAL1,1
PITPNM2,1
CLEC12A,1
LRFN4,1
CTNNBL1,1
KLHL20,1
PKD2L2,1
RAD51C,1
CCT3,1
INTS10,1
PEX5L,1
RSU1,1
TIMM23,1
POLR1B,1
TCIM,1
TFR2,1
RP1,1
ELMO3,1
RNF216,1
TRIM38,1
GLUL,1
ABCE1,1
TRPS1,1
UPF2,1
CAPZB,1
DNAJC2,1
FAM53C,1
LNPK,1
PURG,1
NDUFA13,1
UBE2V2,1
CYP2F1,1
DYNC1I1,1
EPB42,1
ITPRID2,1
JPH3,1
RBM7,1
SASH1,1
SPTBN4,1
POU6F1,1
H2AC19,1
H2AC25,1
TRIM7,1
CRELD1,1
TNFRSF19,1
TRPM3,1
CD68,1
CACYBP,1
ACER1,1
ACER2,1
ACER3,1
ASAH2,1
ASAH2C,1
SELENOS,1
HOXA2,1
EFL1,1
GORAB,1
CLIC1,1
NCALD,1
NUDT16L1,1
SDHB,1
DDOST,1
RPN2,1
GLYCAM1,1
TIMD2,1
SEPTIN6,1
SLC16A2,1
PRSS8,1
PLXDC2,1
MIOS,1
TBC1D9,1
BSND,1
MLLT3,1
PMM2,1
SCNN1D,1
BAI2,1
LPHN1,1
LPHN2,1
SLC37A1,1
GLRB,1
ACSS1,1
HMX3,1
OTX1,1
LBX1,1
USP18,1
CHRNA10,1
SMARCA1,1
SMG5,1
EVC,1
PRODH,1
DPYD,1
KCTD10,1
LHX4,1
MGST1,1
SLC22A18,1
SLC25A1,1
SLC47A1,1
NRSN1,1
KLK5,1
ANXA2P2,1
ARHGAP42,1
CELF2,1
CNN2,1
CORO7,1
FCRL3,1
MT-ND2,1
PANX1,1
RAB34,1
SH3PXD2B,1
USP2,1
VAMP7,1
WBP11,1
ZC3H4,1
ACOT7,1
ACTG2,1
SRP14,1
PRM1,1
RBM4,1
SRSF8,1
UCP3,1
SNRPA,1
SNRPA1,1
SNRPB2,1
SNRPN,1
IRGC,1
RETNLB,1
PFDN5,1
STK11IP,1
TRIM14,1
ADAMTSL4,1
DRG1,1
KCTD17,1
RPIA,1
VAMP3,1
ELL3,1
MEOX1,1
NEUROD4,1
POLR3K,1
PRPF8,1
SPEG,1
ZC3H7A,1
ZNF160,1
ZNF248,1
ZNF345,1
ZNF414,1
PRAME,1
TDRD1,1
UBL4B,1
FRMPD4,1
PANX2,1
RAB11FIP5,1
SLC12A4,1
SLC12A7,1
H2BC12L,1
H2BC13,1
STX4,1
GLIS3,1
ARSB,1
ARSG,1
GNS,1
SGSH,1
UBE2E2,1
UBE2F,1
SWAP70,1
TAF11,1
TAF4,1
TAF5,1
TAF8,1
TMEM67,1
NTHL1,1
SMUG1,1
ZNF382,1
NME3,1
SEC16B,1
SLC48A1,1
FCN1,1
ADAMTS16,1
ARL4D,1
ARL8B,1
BTBD2,1
FBXL12,1
FBXO34,1
KATNB1,1
NAT8,1
NUP37,1
RHPN2,1
RNF5,1
RRH,1
SAMD8,1
SAT2,1
STYXL1,1
TTPAL,1
WDR13,1
ASCC3,1
GPR56,1
NOSTRIN,1
NQO2,1
SLC9A8,1
SLC5A11,1
TNFSF5,1
TNFSF6,1
KLRG2,1
ARSL,1
HSP90AB2P,1
ITFG2,1
SEZ6,1
VTI1B,1
AEN,1
AIFM2,1
GML,1
P4HA2,1
PCBP4,1
PERP,1
RNF144B,1
RPRM,1
SCN3B,1
SESN3,1
SHISA5,1
SLC38A2,1
TIGAR,1
TRIAP1,1
TRIM22,1
ZMAT3,1
TPRKB,1
DHRS3,1
GPX2,1
SPATA18,1
DCP1B,1
GRAMD4,1
HAGH,1
CCPG1,1
ATF5,1
LDOC1,1
ZNF319,1
ZNF502,1
ZNF10,1
SERTAD2,1
ZNF354A,1
ZNF74,1
TRIM17,1
BLMH,1
MRGBP,1
VPS28,1
TSKS,1
RMI2,1
ANKRD23,1
MYBPC1,1
GPR143,1
PCNP,1
DENND3,1
USH1G,1
USHBP1,1
MARCHF7,1
CFAP20,1
PHOSPHO1,1
VGFR3,1
HSP90AA4P,1
DTNBP1,1
USP25,1
EZH1,1
OLIG3,1
ADGRG3,1
STAB2,1
EVX1,1
NUP107,1
ZNF671,1
SYT2,1
GBX2,1
VANGL2,1
TMED5,1
XCR2,1
NXT1,1
LSM1,1
LSM2,1
LSM3,1
LSM4,1
LSM5,1
LSM6,1
ATP6V1A,1
DNAJB4,1
GDAP1,1
WIPI2,1
MMP10,1
EBF1,1
TCF12,1
OR2L13,1
PCDH17,1
ZP2,1
